llama-mtp-vocab-v1 248320 40960
0
1
2
3
4
5
6
7
8
9
10
11
12
13
14
15
16
17
18
19
20
21
22
23
24
25
26
27
28
29
30
31
32
33
34
35
36
37
38
39
40
41
42
43
44
45
46
47
48
49
50
51
52
53
54
55
56
57
58
59
60
61
62
63
64
65
66
67
68
69
70
71
72
73
74
75
76
77
78
79
80
81
82
83
84
85
86
87
88
89
90
91
92
93
94
95
96
97
98
99
100
101
102
103
104
105
107
108
109
110
111
112
113
114
115
116
117
118
119
120
121
122
123
131
135
157
158
197
198
220
222
223
224
225
226
227
228
229
230
231
232
233
234
235
236
237
238
239
240
241
242
243
244
245
246
247
248
249
250
251
252
253
254
255
256
257
258
259
260
261
262
263
264
265
266
267
268
269
270
271
272
273
274
275
276
277
278
279
280
281
282
283
284
285
286
287
288
289
290
291
292
293
294
295
296
297
298
299
300
301
302
303
304
305
306
307
308
309
310
311
312
313
314
315
316
318
319
320
321
322
323
324
325
326
327
328
329
330
331
332
333
334
335
336
337
338
339
340
341
342
343
344
345
346
347
348
349
350
351
352
353
354
355
356
357
358
359
360
361
362
363
364
365
366
367
368
369
370
371
372
373
374
375
376
377
378
379
380
381
382
383
384
385
386
387
388
389
390
391
392
393
394
395
396
397
398
399
400
401
402
403
404
405
406
407
408
409
410
411
412
413
414
415
416
417
418
419
420
421
423
424
425
426
427
428
429
430
431
432
433
434
435
436
437
438
439
440
441
442
443
444
445
446
447
448
449
450
451
452
453
455
456
457
458
459
460
461
462
463
464
466
467
468
469
470
471
472
473
474
475
476
477
478
479
480
481
482
483
484
485
486
487
488
489
490
491
492
493
494
495
496
497
498
499
500
501
502
503
504
505
506
507
508
509
510
511
512
513
514
515
516
517
518
519
520
521
522
523
524
525
526
528
529
530
531
532
533
534
535
536
537
538
539
540
541
542
543
544
545
546
547
548
549
550
551
552
553
554
555
557
558
559
560
561
562
563
564
565
566
567
568
569
570
571
572
573
574
575
576
577
578
579
580
581
582
583
584
585
586
587
588
589
591
592
593
594
595
596
597
598
599
600
601
602
603
604
605
606
607
608
609
610
611
612
613
614
615
616
617
619
620
621
622
623
624
625
626
627
628
629
630
631
632
633
634
635
636
637
638
639
640
641
642
643
644
645
646
647
648
649
650
651
652
653
654
655
656
657
658
659
660
661
662
663
664
665
666
667
668
669
670
671
672
673
674
675
676
677
678
679
680
681
682
683
684
685
686
687
688
689
691
692
693
694
695
696
697
698
699
701
702
703
704
706
707
708
709
710
711
712
713
714
715
716
717
719
720
721
722
723
724
725
726
727
728
729
730
731
732
733
734
735
736
737
738
739
740
741
742
743
744
745
746
747
748
749
750
751
752
753
754
755
756
757
758
759
760
761
762
763
764
765
766
767
768
769
770
771
772
773
776
777
778
779
780
781
782
783
784
785
786
787
788
789
790
791
792
793
794
795
796
797
798
799
800
801
802
803
804
805
806
807
808
809
810
811
812
813
814
815
816
817
818
819
821
822
823
824
825
826
828
829
830
831
832
833
834
835
836
837
839
840
841
842
843
844
846
847
848
849
850
851
852
853
854
855
856
857
859
860
861
862
863
864
866
867
868
869
870
871
872
873
874
875
876
877
878
879
880
881
882
883
884
885
886
887
888
889
890
891
892
893
894
895
896
897
898
899
900
901
902
903
904
905
906
907
908
909
910
911
912
913
914
915
916
917
918
919
920
921
922
923
924
925
926
927
928
929
930
931
932
933
935
936
937
938
939
940
941
942
943
944
945
946
947
948
949
950
951
952
954
955
956
957
958
959
960
961
962
963
965
966
967
968
969
971
972
973
974
975
976
977
978
979
980
981
982
984
985
986
988
989
991
992
993
994
995
996
997
998
999
1000
1001
1002
1003
1004
1005
1006
1007
1008
1009
1010
1011
1012
1013
1014
1015
1016
1017
1018
1019
1020
1021
1022
1023
1024
1025
1026
1027
1028
1029
1030
1031
1032
1034
1035
1037
1038
1039
1040
1041
1042
1043
1044
1045
1046
1047
1048
1049
1050
1051
1052
1053
1054
1055
1056
1057
1058
1059
1060
1061
1062
1063
1064
1065
1066
1067
1068
1070
1071
1072
1073
1074
1075
1076
1077
1078
1079
1080
1081
1082
1083
1084
1085
1086
1087
1088
1089
1090
1091
1092
1093
1094
1095
1096
1097
1098
1099
1100
1101
1103
1104
1105
1106
1109
1110
1111
1112
1113
1114
1115
1116
1117
1118
1119
1120
1121
1122
1123
1124
1125
1126
1128
1129
1130
1131
1132
1133
1134
1135
1136
1137
1138
1139
1140
1141
1142
1143
1144
1145
1146
1147
1148
1149
1150
1151
1152
1153
1154
1155
1156
1157
1158
1159
1160
1162
1163
1164
1165
1166
1167
1168
1170
1171
1172
1173
1174
1175
1176
1178
1179
1180
1181
1182
1183
1184
1185
1186
1187
1188
1189
1190
1191
1192
1193
1194
1195
1196
1197
1198
1199
1200
1201
1203
1204
1205
1206
1208
1209
1210
1211
1212
1213
1214
1216
1217
1218
1219
1220
1221
1222
1223
1224
1225
1226
1227
1228
1229
1231
1234
1235
1236
1237
1238
1239
1240
1242
1243
1244
1245
1246
1247
1248
1249
1250
1251
1252
1253
1254
1255
1256
1257
1258
1259
1260
1261
1262
1263
1264
1265
1266
1267
1268
1269
1270
1271
1272
1273
1274
1275
1277
1278
1279
1280
1281
1282
1283
1284
1285
1286
1287
1288
1289
1290
1291
1292
1293
1294
1295
1296
1297
1298
1299
1300
1301
1302
1303
1304
1305
1306
1307
1308
1310
1311
1312
1313
1314
1315
1316
1317
1318
1319
1320
1321
1322
1323
1324
1325
1326
1327
1328
1330
1331
1332
1333
1334
1335
1336
1338
1339
1340
1341
1342
1343
1344
1345
1346
1347
1349
1350
1351
1352
1353
1354
1355
1356
1357
1358
1360
1361
1362
1363
1364
1365
1366
1367
1368
1369
1370
1371
1372
1373
1374
1375
1376
1378
1379
1380
1381
1382
1384
1385
1386
1387
1388
1389
1390
1391
1393
1394
1395
1396
1400
1401
1402
1404
1405
1406
1407
1408
1409
1410
1411
1412
1413
1414
1415
1416
1417
1418
1419
1420
1421
1422
1423
1425
1426
1427
1428
1429
1430
1432
1433
1434
1435
1436
1438
1439
1440
1441
1442
1443
1444
1445
1446
1447
1448
1449
1450
1451
1452
1453
1454
1455
1456
1457
1458
1459
1460
1461
1463
1465
1466
1467
1469
1470
1471
1472
1473
1474
1475
1476
1477
1478
1479
1480
1481
1482
1483
1484
1485
1487
1488
1489
1490
1493
1494
1495
1496
1497
1498
1500
1501
1502
1503
1505
1506
1507
1508
1509
1510
1511
1512
1513
1514
1515
1516
1518
1519
1520
1521
1522
1523
1524
1525
1526
1527
1528
1529
1530
1531
1532
1533
1534
1535
1536
1537
1538
1540
1541
1542
1543
1544
1545
1546
1547
1548
1549
1550
1551
1552
1553
1554
1555
1556
1557
1558
1559
1560
1561
1562
1563
1564
1565
1566
1568
1569
1570
1572
1573
1574
1575
1576
1577
1578
1579
1580
1581
1582
1583
1584
1585
1586
1587
1588
1589
1590
1591
1592
1593
1594
1595
1596
1597
1598
1599
1600
1601
1602
1603
1605
1606
1607
1608
1609
1610
1611
1612
1614
1615
1616
1617
1618
1619
1620
1622
1623
1624
1625
1626
1627
1628
1630
1631
1632
1633
1634
1635
1637
1638
1639
1640
1641
1642
1643
1644
1645
1646
1647
1648
1649
1650
1651
1652
1653
1654
1655
1656
1657
1658
1659
1660
1661
1662
1663
1664
1665
1666
1667
1668
1669
1670
1671
1672
1673
1674
1675
1676
1678
1679
1680
1681
1682
1683
1684
1685
1686
1687
1688
1689
1690
1691
1692
1693
1695
1696
1697
1698
1699
1700
1701
1702
1703
1704
1705
1706
1707
1708
1709
1710
1711
1712
1713
1714
1715
1716
1718
1719
1720
1721
1722
1723
1724
1725
1726
1727
1728
1730
1731
1732
1733
1734
1736
1737
1738
1740
1741
1742
1743
1744
1745
1746
1748
1749
1752
1753
1754
1755
1756
1757
1759
1760
1761
1762
1763
1764
1765
1766
1767
1768
1769
1770
1771
1772
1773
1774
1775
1777
1778
1779
1780
1781
1782
1783
1784
1785
1786
1787
1788
1789
1790
1791
1792
1793
1794
1795
1796
1797
1798
1799
1800
1801
1802
1803
1804
1805
1806
1807
1808
1809
1810
1811
1812
1813
1814
1815
1816
1817
1818
1819
1820
1821
1822
1824
1825
1826
1827
1828
1829
1830
1831
1832
1833
1834
1835
1836
1837
1839
1840
1841
1842
1843
1844
1845
1846
1847
1848
1849
1850
1851
1852
1853
1854
1855
1856
1857
1858
1859
1860
1861
1862
1863
1864
1865
1866
1867
1870
1871
1873
1874
1875
1876
1877
1878
1879
1880
1881
1882
1883
1884
1885
1886
1887
1888
1889
1890
1891
1892
1893
1894
1895
1896
1897
1898
1899
1900
1901
1902
1904
1905
1906
1908
1910
1911
1912
1913
1915
1916
1917
1918
1919
1920
1921
1922
1923
1924
1925
1926
1927
1928
1929
1930
1931
1932
1933
1934
1935
1936
1937
1938
1939
1940
1941
1942
1943
1944
1945
1946
1947
1948
1949
1950
1951
1952
1953
1954
1955
1956
1957
1958
1959
1960
1961
1962
1964
1965
1966
1967
1968
1969
1970
1971
1972
1973
1975
1977
1979
1980
1981
1982
1983
1984
1985
1986
1987
1988
1989
1990
1992
1993
1994
1996
1998
1999
2000
2001
2002
2003
2004
2005
2006
2007
2008
2009
2010
2011
2012
2013
2014
2015
2017
2018
2019
2020
2021
2022
2024
2025
2026
2027
2028
2029
2030
2031
2032
2033
2034
2035
2036
2037
2038
2043
2044
2045
2046
2047
2048
2049
2050
2051
2052
2053
2054
2055
2056
2057
2058
2059
2060
2061
2062
2063
2064
2066
2067
2068
2069
2070
2072
2073
2074
2075
2076
2077
2078
2079
2080
2081
2082
2083
2084
2085
2086
2087
2088
2089
2090
2091
2093
2094
2095
2096
2097
2098
2099
2100
2101
2103
2104
2105
2106
2107
2108
2109
2110
2111
2112
2113
2114
2116
2117
2119
2120
2121
2123
2124
2126
2127
2128
2129
2131
2132
2133
2134
2135
2136
2137
2138
2139
2140
2141
2142
2143
2144
2145
2147
2148
2149
2150
2151
2152
2153
2154
2155
2156
2158
2159
2160
2162
2163
2164
2166
2167
2168
2169
2170
2171
2172
2173
2174
2176
2177
2178
2179
2181
2182
2184
2185
2186
2187
2188
2189
2190
2191
2192
2193
2194
2195
2196
2197
2198
2199
2200
2201
2202
2203
2204
2205
2206
2208
2209
2210
2211
2212
2213
2215
2216
2217
2218
2220
2221
2222
2224
2225
2226
2227
2228
2229
2230
2231
2232
2233
2234
2235
2236
2238
2239
2241
2243
2244
2246
2247
2248
2249
2250
2251
2252
2253
2255
2256
2257
2258
2259
2260
2261
2262
2263
2264
2265
2266
2267
2270
2271
2272
2274
2275
2276
2277
2278
2279
2280
2282
2284
2285
2286
2287
2288
2290
2291
2293
2294
2295
2296
2297
2298
2299
2301
2302
2303
2304
2305
2306
2307
2308
2309
2310
2311
2312
2313
2315
2316
2318
2319
2320
2321
2324
2325
2327
2329
2330
2331
2332
2333
2334
2335
2336
2337
2338
2339
2340
2341
2342
2343
2344
2345
2346
2347
2348
2349
2350
2351
2353
2354
2355
2356
2357
2358
2359
2360
2361
2362
2363
2364
2366
2367
2368
2369
2370
2372
2373
2374
2376
2377
2378
2379
2380
2381
2382
2383
2384
2387
2388
2389
2390
2391
2392
2393
2394
2395
2396
2397
2398
2399
2400
2402
2403
2404
2405
2406
2407
2408
2410
2411
2412
2413
2414
2416
2417
2418
2420
2421
2422
2423
2424
2425
2426
2427
2428
2429
2430
2432
2433
2434
2435
2436
2437
2438
2439
2440
2441
2442
2443
2444
2445
2446
2447
2448
2450
2451
2452
2453
2454
2455
2456
2458
2459
2460
2461
2462
2463
2464
2466
2467
2468
2469
2470
2471
2472
2473
2475
2476
2477
2478
2479
2480
2481
2482
2483
2484
2485
2486
2487
2488
2489
2490
2491
2492
2493
2495
2496
2497
2498
2499
2500
2501
2502
2503
2504
2505
2506
2507
2508
2509
2510
2511
2512
2513
2514
2515
2516
2517
2518
2519
2520
2521
2522
2523
2524
2525
2526
2527
2528
2530
2531
2532
2533
2534
2535
2536
2537
2538
2540
2541
2542
2543
2544
2545
2546
2548
2549
2550
2551
2552
2553
2554
2556
2557
2558
2559
2560
2561
2562
2563
2564
2565
2567
2568
2569
2570
2571
2572
2573
2574
2575
2577
2578
2579
2580
2581
2582
2583
2585
2586
2587
2588
2589
2590
2591
2592
2593
2594
2595
2597
2598
2599
2600
2601
2602
2603
2604
2605
2606
2607
2609
2610
2612
2614
2615
2617
2618
2619
2621
2622
2623
2624
2625
2626
2627
2628
2629
2630
2631
2632
2633
2634
2636
2637
2638
2639
2640
2641
2643
2645
2646
2647
2648
2649
2650
2651
2652
2653
2654
2655
2656
2657
2658
2659
2660
2662
2663
2664
2665
2666
2667
2668
2669
2670
2671
2673
2674
2675
2676
2677
2678
2679
2680
2682
2683
2684
2685
2686
2688
2689
2690
2691
2692
2693
2694
2695
2696
2697
2698
2699
2700
2701
2702
2703
2704
2705
2706
2707
2708
2709
2710
2712
2713
2714
2715
2716
2717
2718
2719
2720
2721
2722
2723
2724
2725
2726
2727
2729
2730
2732
2733
2734
2735
2736
2737
2738
2739
2741
2742
2743
2744
2745
2746
2747
2748
2749
2750
2751
2752
2753
2754
2755
2756
2758
2759
2760
2762
2763
2764
2765
2766
2767
2768
2770
2771
2772
2773
2774
2775
2776
2777
2778
2779
2780
2781
2782
2783
2784
2785
2788
2789
2790
2791
2792
2793
2794
2795
2796
2797
2798
2799
2800
2801
2802
2803
2804
2805
2806
2807
2809
2811
2812
2813
2814
2815
2816
2817
2818
2819
2820
2821
2822
2823
2824
2825
2826
2827
2828
2829
2830
2831
2832
2833
2834
2835
2836
2838
2839
2840
2841
2842
2843
2844
2845
2846
2847
2848
2849
2850
2851
2852
2854
2855
2856
2857
2858
2859
2860
2861
2862
2864
2865
2867
2868
2869
2870
2871
2872
2873
2874
2875
2876
2877
2878
2879
2880
2881
2882
2883
2885
2887
2888
2891
2892
2893
2894
2895
2896
2897
2898
2899
2900
2901
2902
2904
2905
2906
2907
2908
2909
2910
2911
2912
2913
2914
2915
2918
2919
2920
2921
2922
2923
2924
2925
2926
2928
2929
2930
2931
2932
2933
2934
2935
2936
2937
2939
2940
2942
2943
2944
2945
2946
2948
2949
2950
2951
2952
2953
2954
2955
2956
2957
2958
2959
2960
2961
2962
2963
2964
2965
2967
2968
2969
2971
2972
2973
2974
2975
2976
2977
2978
2979
2980
2981
2982
2983
2984
2985
2986
2987
2989
2990
2991
2992
2993
2994
2995
2996
2997
2998
2999
3000
3001
3002
3003
3004
3006
3008
3009
3010
3012
3013
3014
3015
3016
3017
3018
3019
3020
3022
3023
3024
3025
3026
3028
3029
3030
3032
3033
3034
3035
3036
3037
3038
3039
3040
3041
3042
3043
3044
3045
3046
3047
3048
3049
3050
3051
3052
3053
3054
3055
3056
3057
3058
3059
3060
3061
3062
3063
3064
3065
3066
3067
3068
3069
3070
3071
3072
3074
3075
3076
3077
3078
3079
3081
3082
3083
3084
3085
3086
3087
3088
3089
3090
3091
3092
3094
3095
3096
3097
3098
3099
3101
3102
3103
3104
3105
3106
3107
3108
3109
3110
3111
3112
3113
3114
3115
3117
3118
3122
3123
3124
3125
3126
3127
3128
3129
3130
3131
3132
3133
3134
3135
3136
3137
3138
3140
3141
3143
3144
3145
3146
3147
3148
3149
3150
3151
3152
3153
3154
3155
3156
3157
3158
3159
3160
3161
3162
3163
3164
3165
3166
3167
3168
3170
3171
3172
3173
3174
3175
3177
3178
3179
3180
3181
3182
3183
3184
3185
3186
3187
3188
3189
3190
3191
3192
3193
3194
3195
3196
3197
3198
3199
3200
3201
3202
3203
3204
3205
3207
3208
3209
3210
3211
3212
3213
3214
3215
3216
3217
3218
3219
3221
3222
3223
3225
3226
3227
3228
3229
3230
3231
3232
3233
3234
3237
3238
3239
3240
3241
3242
3243
3244
3245
3246
3247
3248
3249
3250
3251
3253
3254
3255
3256
3257
3258
3259
3260
3261
3262
3263
3264
3265
3266
3267
3268
3269
3270
3271
3272
3274
3275
3276
3277
3278
3280
3281
3282
3283
3284
3285
3286
3287
3288
3289
3290
3291
3292
3294
3295
3296
3297
3298
3299
3300
3301
3302
3305
3307
3308
3309
3310
3311
3312
3313
3314
3315
3316
3317
3318
3319
3320
3322
3323
3324
3325
3326
3327
3328
3329
3330
3331
3332
3333
3334
3335
3336
3337
3338
3339
3340
3342
3343
3344
3345
3346
3347
3348
3349
3350
3351
3352
3353
3354
3355
3356
3357
3359
3361
3362
3364
3365
3366
3367
3369
3370
3371
3372
3373
3374
3375
3376
3377
3378
3379
3380
3381
3382
3383
3384
3386
3387
3388
3389
3390
3391
3392
3393
3394
3395
3396
3397
3399
3400
3401
3402
3403
3404
3405
3406
3407
3408
3410
3411
3412
3413
3414
3415
3417
3418
3419
3420
3421
3422
3423
3424
3425
3426
3427
3428
3429
3430
3431
3432
3433
3434
3435
3436
3437
3438
3439
3440
3442
3443
3444
3445
3446
3447
3448
3449
3451
3452
3453
3455
3456
3457
3458
3459
3460
3462
3463
3464
3466
3467
3468
3469
3470
3471
3472
3473
3474
3475
3476
3477
3478
3479
3480
3481
3482
3483
3485
3486
3487
3488
3489
3490
3491
3492
3493
3494
3495
3496
3497
3498
3499
3500
3501
3502
3503
3504
3505
3506
3507
3508
3510
3511
3512
3513
3514
3515
3516
3517
3518
3519
3520
3521
3522
3523
3524
3525
3526
3527
3528
3529
3533
3534
3535
3536
3537
3538
3539
3541
3542
3543
3544
3545
3546
3547
3548
3549
3552
3553
3554
3555
3556
3557
3558
3559
3560
3561
3562
3563
3564
3565
3566
3567
3568
3569
3570
3571
3572
3573
3574
3575
3576
3577
3578
3579
3580
3581
3583
3584
3585
3586
3587
3588
3589
3590
3591
3592
3593
3594
3595
3596
3597
3598
3599
3600
3601
3602
3603
3604
3605
3606
3607
3608
3609
3611
3612
3613
3614
3615
3616
3617
3618
3619
3620
3621
3622
3623
3624
3625
3626
3627
3628
3629
3630
3631
3632
3634
3635
3636
3637
3638
3639
3641
3644
3645
3646
3647
3648
3650
3651
3653
3654
3655
3656
3657
3658
3659
3660
3661
3662
3663
3664
3665
3667
3668
3669
3670
3671
3672
3674
3675
3676
3678
3679
3680
3681
3682
3683
3684
3685
3686
3687
3689
3690
3691
3692
3693
3694
3696
3697
3700
3701
3702
3703
3704
3705
3706
3707
3708
3710
3711
3712
3713
3714
3715
3716
3717
3718
3719
3720
3721
3722
3723
3724
3725
3726
3727
3728
3729
3730
3731
3732
3733
3734
3736
3737
3738
3739
3740
3741
3742
3743
3744
3745
3746
3747
3748
3749
3750
3751
3752
3753
3754
3755
3756
3757
3758
3759
3760
3761
3762
3763
3764
3765
3766
3768
3769
3770
3771
3772
3773
3774
3775
3776
3777
3778
3779
3780
3781
3782
3783
3784
3785
3786
3787
3788
3789
3790
3791
3792
3793
3794
3795
3796
3798
3799
3801
3802
3803
3804
3805
3806
3807
3808
3809
3810
3811
3812
3813
3814
3815
3816
3817
3818
3819
3820
3822
3823
3826
3827
3828
3829
3830
3831
3833
3835
3836
3837
3838
3839
3840
3841
3842
3843
3844
3845
3846
3847
3848
3849
3850
3851
3852
3853
3854
3855
3856
3857
3858
3859
3860
3862
3863
3864
3865
3866
3867
3868
3869
3870
3874
3875
3876
3878
3879
3881
3882
3883
3884
3885
3886
3887
3889
3890
3891
3892
3894
3895
3896
3898
3899
3900
3902
3903
3904
3905
3906
3907
3908
3909
3910
3911
3913
3914
3915
3916
3918
3919
3920
3921
3922
3923
3924
3925
3926
3927
3928
3929
3930
3931
3934
3935
3936
3937
3938
3939
3940
3942
3943
3944
3945
3946
3947
3948
3949
3950
3951
3952
3953
3955
3956
3957
3958
3959
3960
3961
3962
3964
3965
3967
3968
3969
3970
3971
3972
3974
3975
3976
3977
3978
3979
3980
3981
3982
3983
3984
3985
3986
3987
3988
3989
3990
3991
3992
3993
3994
3995
3996
3997
3998
3999
4000
4003
4004
4005
4006
4007
4008
4009
4010
4011
4012
4013
4015
4016
4017
4018
4019
4020
4021
4022
4023
4024
4025
4026
4028
4029
4030
4031
4034
4035
4036
4037
4038
4040
4041
4042
4043
4044
4045
4046
4047
4048
4050
4051
4052
4053
4054
4055
4056
4057
4058
4059
4060
4061
4062
4063
4064
4065
4066
4067
4068
4069
4070
4071
4072
4073
4075
4077
4078
4079
4080
4081
4082
4083
4084
4085
4086
4087
4088
4089
4090
4091
4092
4093
4095
4097
4098
4099
4100
4101
4102
4104
4105
4106
4107
4108
4109
4110
4111
4112
4114
4115
4117
4118
4119
4120
4121
4122
4123
4124
4125
4126
4127
4128
4129
4130
4131
4132
4133
4134
4135
4136
4137
4138
4139
4140
4141
4142
4143
4144
4145
4146
4147
4148
4149
4150
4151
4152
4154
4155
4156
4158
4159
4161
4162
4164
4165
4167
4168
4169
4170
4171
4172
4173
4175
4176
4177
4178
4179
4180
4181
4182
4183
4184
4185
4186
4188
4189
4190
4191
4192
4193
4194
4195
4196
4197
4199
4200
4201
4202
4203
4204
4205
4206
4207
4208
4209
4210
4211
4212
4213
4214
4216
4217
4218
4219
4220
4221
4222
4223
4224
4225
4226
4228
4229
4230
4232
4233
4235
4236
4237
4238
4240
4241
4242
4243
4244
4245
4246
4247
4248
4249
4251
4252
4253
4254
4255
4256
4257
4258
4259
4261
4262
4263
4265
4266
4267
4268
4269
4270
4271
4272
4273
4274
4275
4276
4277
4278
4279
4281
4282
4283
4284
4285
4286
4288
4289
4290
4291
4292
4293
4294
4295
4296
4297
4299
4300
4302
4303
4304
4305
4306
4307
4308
4309
4310
4311
4312
4313
4314
4315
4317
4319
4320
4321
4322
4324
4325
4327
4328
4329
4330
4331
4332
4333
4334
4335
4336
4338
4339
4340
4341
4342
4343
4344
4345
4346
4348
4349
4350
4351
4352
4353
4354
4355
4356
4357
4358
4361
4362
4363
4364
4368
4369
4370
4371
4372
4374
4375
4376
4377
4378
4379
4380
4381
4382
4383
4384
4385
4387
4390
4391
4392
4393
4394
4395
4396
4397
4399
4400
4401
4402
4404
4405
4406
4407
4409
4410
4412
4413
4414
4415
4416
4417
4418
4419
4421
4422
4423
4424
4425
4427
4428
4429
4430
4431
4433
4434
4435
4436
4437
4439
4440
4441
4442
4443
4444
4445
4447
4449
4450
4451
4454
4455
4456
4458
4459
4460
4461
4462
4463
4464
4465
4466
4467
4468
4469
4470
4471
4472
4473
4474
4475
4476
4477
4478
4479
4480
4481
4482
4483
4484
4486
4487
4488
4489
4490
4492
4493
4494
4495
4496
4497
4498
4499
4500
4501
4502
4503
4505
4506
4507
4508
4509
4510
4511
4512
4513
4514
4515
4516
4517
4518
4519
4520
4523
4524
4525
4526
4528
4530
4531
4532
4534
4535
4536
4537
4538
4540
4541
4542
4543
4544
4545
4546
4547
4548
4549
4550
4551
4552
4554
4555
4556
4557
4558
4559
4560
4561
4562
4563
4564
4565
4566
4567
4568
4570
4571
4572
4573
4574
4577
4580
4581
4582
4583
4584
4585
4587
4588
4590
4591
4592
4593
4594
4595
4596
4598
4599
4600
4601
4602
4603
4604
4605
4607
4608
4609
4610
4611
4612
4613
4614
4615
4617
4618
4619
4620
4621
4622
4623
4625
4626
4627
4628
4629
4630
4631
4632
4633
4634
4635
4637
4638
4639
4642
4643
4644
4645
4649
4650
4652
4653
4655
4656
4657
4658
4659
4660
4661
4662
4663
4664
4665
4666
4667
4668
4670
4671
4672
4673
4674
4675
4677
4678
4679
4680
4681
4682
4684
4686
4687
4688
4689
4690
4691
4692
4693
4694
4695
4696
4697
4698
4699
4700
4701
4702
4703
4704
4706
4707
4708
4710
4711
4712
4713
4714
4715
4716
4717
4718
4719
4720
4721
4722
4723
4725
4726
4727
4729
4730
4731
4732
4733
4734
4735
4736
4737
4738
4740
4741
4742
4744
4745
4746
4747
4749
4750
4751
4752
4754
4755
4756
4757
4758
4759
4760
4761
4762
4763
4764
4765
4766
4767
4768
4769
4770
4771
4772
4773
4774
4775
4776
4777
4778
4779
4780
4781
4782
4783
4784
4785
4786
4787
4788
4790
4791
4792
4793
4794
4795
4796
4797
4798
4799
4800
4801
4802
4803
4804
4806
4807
4808
4809
4810
4811
4813
4815
4816
4817
4818
4821
4823
4824
4825
4826
4827
4829
4830
4831
4832
4833
4834
4835
4836
4837
4838
4839
4840
4841
4842
4843
4844
4845
4846
4847
4848
4849
4850
4851
4852
4853
4855
4858
4859
4860
4861
4862
4863
4864
4866
4867
4868
4869
4871
4872
4873
4874
4876
4877
4879
4880
4881
4883
4884
4885
4886
4887
4888
4889
4890
4891
4892
4893
4894
4896
4897
4899
4900
4902
4903
4904
4905
4906
4908
4909
4910
4911
4912
4913
4914
4915
4916
4917
4918
4919
4920
4921
4922
4923
4924
4925
4927
4928
4929
4931
4933
4934
4935
4936
4937
4938
4939
4941
4942
4944
4945
4946
4947
4948
4950
4951
4952
4953
4954
4955
4956
4958
4961
4962
4963
4964
4965
4967
4968
4970
4971
4972
4973
4974
4976
4977
4978
4979
4980
4981
4982
4985
4987
4989
4990
4992
4993
4994
4995
4996
4997
4998
5000
5001
5002
5003
5004
5005
5008
5009
5010
5011
5012
5013
5014
5015
5016
5017
5018
5019
5020
5021
5022
5024
5025
5026
5027
5028
5029
5031
5032
5033
5034
5036
5037
5038
5039
5040
5041
5042
5043
5044
5045
5046
5047
5048
5049
5052
5053
5054
5055
5056
5057
5058
5061
5062
5063
5064
5065
5066
5067
5068
5069
5070
5072
5073
5074
5075
5076
5077
5078
5081
5082
5083
5084
5085
5086
5087
5089
5090
5091
5094
5095
5096
5097
5098
5099
5101
5102
5103
5104
5105
5106
5107
5108
5109
5110
5111
5113
5114
5115
5116
5117
5118
5119
5120
5121
5122
5124
5125
5126
5127
5128
5129
5130
5131
5132
5133
5134
5135
5136
5137
5138
5139
5140
5141
5142
5143
5144
5145
5146
5147
5148
5149
5150
5151
5152
5154
5155
5156
5157
5158
5159
5160
5161
5162
5163
5164
5165
5166
5167
5168
5170
5171
5173
5174
5175
5176
5178
5179
5181
5182
5183
5184
5186
5187
5188
5189
5190
5191
5192
5193
5194
5195
5197
5198
5199
5200
5202
5203
5204
5206
5207
5208
5209
5210
5211
5212
5213
5214
5215
5216
5217
5218
5219
5220
5221
5222
5223
5224
5225
5226
5227
5229
5230
5231
5232
5235
5236
5237
5238
5240
5242
5243
5244
5245
5246
5247
5248
5249
5251
5252
5253
5254
5255
5256
5257
5258
5259
5260
5261
5262
5263
5264
5265
5267
5268
5269
5270
5271
5272
5273
5274
5275
5276
5277
5278
5280
5281
5282
5284
5285
5286
5287
5288
5289
5290
5291
5292
5295
5296
5297
5298
5299
5300
5302
5303
5304
5305
5306
5307
5308
5309
5310
5312
5313
5314
5315
5316
5317
5318
5319
5320
5321
5323
5324
5326
5327
5328
5330
5331
5332
5333
5334
5335
5337
5339
5340
5341
5342
5343
5344
5346
5347
5348
5350
5351
5352
5353
5354
5356
5357
5358
5359
5360
5361
5362
5364
5365
5366
5367
5368
5369
5370
5371
5372
5373
5374
5375
5376
5377
5378
5379
5380
5381
5382
5383
5384
5385
5386
5387
5388
5390
5391
5392
5394
5395
5396
5398
5399
5401
5402
5403
5404
5405
5406
5407
5408
5409
5411
5413
5414
5415
5416
5417
5418
5420
5422
5423
5424
5425
5426
5427
5428
5429
5430
5432
5433
5434
5435
5436
5437
5438
5439
5440
5442
5443
5444
5445
5446
5447
5448
5449
5450
5453
5454
5455
5456
5457
5458
5459
5460
5461
5462
5463
5464
5466
5467
5468
5469
5471
5472
5473
5474
5475
5476
5477
5478
5479
5480
5481
5482
5484
5486
5487
5488
5489
5490
5491
5492
5493
5494
5495
5496
5497
5498
5499
5500
5501
5502
5503
5505
5506
5507
5508
5509
5510
5511
5512
5514
5515
5516
5517
5518
5519
5521
5522
5523
5524
5527
5529
5530
5531
5532
5533
5534
5535
5536
5537
5540
5544
5545
5546
5547
5548
5549
5550
5551
5552
5553
5554
5555
5558
5559
5560
5561
5562
5564
5565
5566
5567
5568
5570
5571
5572
5573
5574
5576
5577
5579
5581
5582
5583
5584
5585
5586
5587
5588
5589
5590
5591
5592
5593
5594
5595
5596
5597
5598
5599
5600
5601
5602
5603
5604
5605
5606
5607
5608
5609
5610
5611
5612
5614
5615
5617
5618
5619
5620
5621
5622
5623
5626
5627
5628
5629
5630
5632
5633
5634
5637
5638
5639
5640
5641
5642
5643
5645
5646
5647
5649
5650
5651
5652
5653
5654
5655
5656
5657
5658
5659
5661
5662
5665
5666
5668
5670
5671
5672
5673
5674
5675
5676
5677
5678
5680
5681
5682
5683
5684
5685
5686
5687
5688
5689
5690
5691
5692
5693
5695
5696
5697
5698
5699
5701
5702
5704
5705
5706
5707
5708
5709
5711
5712
5713
5714
5715
5716
5717
5721
5722
5723
5725
5726
5727
5728
5730
5731
5732
5733
5734
5736
5737
5738
5740
5741
5742
5743
5745
5746
5748
5749
5751
5752
5753
5755
5756
5757
5758
5759
5760
5761
5762
5763
5764
5765
5767
5768
5769
5770
5771
5772
5774
5775
5776
5779
5780
5781
5782
5784
5785
5786
5787
5788
5789
5790
5791
5792
5793
5794
5795
5797
5798
5799
5800
5801
5802
5804
5805
5808
5810
5812
5813
5815
5816
5817
5819
5820
5821
5822
5823
5824
5825
5827
5829
5830
5832
5833
5834
5836
5837
5838
5839
5840
5841
5843
5844
5845
5846
5847
5848
5849
5851
5852
5853
5854
5855
5856
5857
5858
5860
5861
5862
5863
5864
5865
5868
5869
5870
5871
5872
5874
5875
5876
5877
5878
5879
5880
5882
5883
5886
5887
5888
5889
5891
5893
5894
5895
5896
5898
5899
5901
5902
5903
5904
5905
5907
5908
5909
5910
5911
5912
5913
5914
5915
5916
5917
5918
5919
5920
5921
5922
5923
5924
5925
5926
5927
5928
5930
5931
5932
5933
5934
5935
5936
5937
5938
5939
5940
5941
5942
5943
5944
5945
5946
5947
5948
5951
5952
5953
5954
5955
5956
5957
5958
5959
5960
5961
5962
5963
5964
5966
5968
5969
5970
5971
5972
5974
5975
5976
5978
5979
5981
5982
5983
5984
5985
5986
5987
5988
5989
5990
5991
5992
5994
5995
5996
5997
5998
5999
6000
6001
6004
6005
6006
6007
6008
6009
6011
6012
6013
6014
6015
6016
6017
6018
6019
6020
6021
6022
6024
6025
6026
6027
6028
6030
6031
6032
6033
6035
6037
6038
6039
6040
6041
6042
6043
6044
6045
6046
6047
6048
6049
6051
6052
6053
6054
6056
6057
6058
6059
6060
6061
6063
6064
6065
6066
6067
6069
6070
6071
6072
6073
6074
6075
6077
6078
6079
6080
6081
6082
6084
6085
6086
6087
6088
6089
6090
6092
6093
6094
6095
6096
6097
6098
6099
6100
6101
6103
6105
6106
6107
6108
6109
6110
6111
6112
6113
6114
6117
6118
6121
6122
6123
6124
6125
6126
6127
6129
6130
6131
6132
6134
6135
6136
6138
6139
6140
6141
6142
6143
6144
6146
6148
6149
6150
6151
6153
6154
6156
6157
6158
6159
6160
6161
6162
6163
6164
6165
6167
6168
6169
6170
6171
6174
6175
6176
6177
6178
6179
6180
6182
6183
6184
6185
6186
6187
6189
6190
6191
6192
6195
6196
6197
6198
6199
6201
6202
6203
6204
6205
6206
6207
6208
6211
6212
6213
6214
6215
6217
6218
6220
6221
6222
6223
6224
6226
6227
6228
6229
6231
6232
6233
6234
6235
6236
6237
6238
6239
6241
6242
6243
6244
6245
6246
6248
6249
6250
6251
6252
6253
6255
6256
6257
6258
6259
6260
6262
6263
6265
6266
6267
6268
6269
6271
6273
6276
6277
6278
6279
6280
6281
6282
6283
6284
6285
6286
6287
6288
6289
6290
6292
6293
6295
6297
6298
6299
6300
6302
6304
6306
6308
6309
6310
6311
6312
6313
6314
6316
6318
6319
6320
6321
6322
6323
6324
6325
6326
6327
6328
6329
6330
6331
6332
6333
6334
6335
6336
6337
6338
6339
6340
6341
6342
6343
6344
6345
6347
6348
6349
6350
6351
6352
6353
6354
6355
6356
6357
6358
6359
6360
6361
6362
6363
6364
6365
6367
6368
6369
6371
6373
6374
6375
6376
6377
6378
6379
6380
6381
6382
6383
6384
6386
6387
6391
6392
6393
6394
6395
6396
6397
6398
6399
6400
6401
6402
6403
6404
6405
6406
6408
6410
6411
6414
6415
6416
6418
6419
6420
6421
6423
6424
6426
6428
6429
6430
6433
6434
6435
6436
6437
6438
6439
6440
6441
6442
6443
6445
6446
6448
6449
6450
6451
6452
6453
6454
6455
6457
6458
6459
6461
6463
6464
6466
6468
6469
6470
6471
6472
6473
6474
6475
6476
6477
6478
6479
6481
6483
6486
6487
6488
6489
6491
6492
6493
6494
6495
6496
6497
6498
6500
6501
6502
6503
6504
6505
6507
6508
6509
6510
6511
6512
6513
6515
6516
6517
6518
6519
6520
6521
6522
6523
6525
6526
6527
6528
6529
6530
6531
6532
6533
6534
6535
6536
6537
6538
6540
6541
6542
6543
6545
6546
6547
6548
6549
6550
6551
6552
6554
6556
6557
6558
6560
6561
6562
6563
6564
6565
6566
6567
6568
6569
6570
6572
6573
6574
6575
6576
6577
6579
6580
6582
6583
6584
6586
6587
6588
6589
6590
6591
6592
6593
6594
6595
6596
6597
6599
6600
6601
6602
6603
6605
6607
6608
6609
6610
6611
6612
6613
6614
6615
6616
6617
6618
6619
6621
6622
6623
6624
6625
6627
6628
6630
6631
6632
6633
6634
6635
6636
6637
6638
6639
6641
6642
6643
6644
6645
6646
6647
6648
6649
6650
6651
6652
6653
6655
6657
6658
6659
6660
6661
6663
6664
6665
6666
6667
6668
6669
6670
6672
6673
6675
6676
6677
6679
6681
6682
6683
6684
6686
6687
6688
6689
6692
6693
6694
6695
6696
6697
6698
6699
6700
6702
6703
6704
6705
6706
6707
6708
6709
6710
6711
6712
6713
6714
6715
6716
6717
6718
6719
6720
6721
6722
6723
6724
6725
6726
6728
6729
6730
6731
6734
6735
6736
6737
6738
6739
6740
6741
6742
6743
6744
6745
6747
6748
6749
6750
6751
6752
6754
6755
6756
6757
6758
6759
6761
6762
6763
6764
6765
6766
6767
6768
6769
6771
6772
6773
6774
6775
6776
6777
6778
6779
6780
6781
6783
6784
6785
6788
6789
6790
6791
6792
6794
6795
6796
6797
6798
6799
6801
6802
6803
6804
6805
6806
6807
6808
6809
6810
6811
6813
6814
6815
6816
6817
6818
6819
6820
6821
6823
6824
6825
6826
6829
6830
6831
6832
6833
6834
6835
6836
6838
6843
6844
6845
6846
6847
6848
6849
6850
6851
6852
6853
6854
6855
6856
6857
6858
6859
6862
6863
6864
6865
6866
6867
6868
6869
6872
6873
6875
6876
6878
6879
6880
6881
6884
6885
6886
6889
6891
6892
6895
6897
6898
6900
6901
6902
6903
6904
6905
6906
6907
6908
6909
6910
6911
6912
6913
6914
6915
6916
6917
6918
6920
6921
6922
6923
6924
6925
6926
6927
6929
6930
6931
6933
6937
6938
6940
6941
6942
6943
6944
6945
6946
6947
6948
6949
6950
6951
6952
6953
6957
6958
6960
6961
6962
6964
6965
6966
6967
6968
6969
6970
6971
6972
6973
6975
6976
6977
6978
6979
6981
6982
6983
6984
6985
6986
6987
6988
6989
6990
6991
6992
6994
6996
6999
7000
7002
7003
7004
7005
7006
7007
7008
7009
7010
7012
7013
7014
7015
7016
7017
7018
7019
7020
7021
7022
7024
7025
7026
7027
7028
7029
7030
7031
7032
7033
7034
7035
7036
7037
7038
7039
7041
7042
7043
7044
7045
7047
7048
7049
7052
7054
7055
7056
7057
7058
7059
7060
7061
7062
7063
7064
7065
7066
7067
7068
7070
7071
7072
7073
7075
7076
7077
7078
7079
7080
7081
7082
7083
7085
7086
7087
7088
7090
7091
7092
7093
7094
7095
7096
7097
7098
7099
7101
7102
7106
7107
7108
7109
7110
7111
7112
7115
7116
7117
7119
7120
7121
7122
7123
7124
7125
7126
7127
7128
7129
7130
7131
7132
7133
7134
7135
7136
7139
7141
7142
7143
7144
7145
7146
7147
7148
7151
7153
7154
7155
7156
7157
7159
7160
7162
7164
7165
7166
7167
7168
7169
7170
7171
7172
7173
7174
7175
7176
7177
7178
7179
7181
7182
7183
7185
7186
7187
7188
7189
7190
7191
7193
7194
7196
7198
7199
7201
7202
7205
7207
7208
7209
7210
7211
7213
7214
7219
7220
7222
7224
7225
7226
7227
7229
7230
7231
7233
7234
7236
7238
7239
7241
7242
7243
7244
7246
7247
7249
7250
7251
7252
7253
7255
7256
7258
7259
7260
7261
7262
7263
7265
7266
7267
7268
7270
7271
7274
7275
7276
7277
7278
7281
7282
7283
7284
7285
7286
7287
7288
7289
7290
7292
7293
7294
7295
7297
7298
7300
7301
7302
7303
7304
7305
7306
7308
7309
7310
7314
7315
7317
7318
7319
7320
7321
7324
7326
7327
7328
7330
7331
7332
7333
7334
7335
7336
7337
7338
7339
7340
7341
7342
7344
7345
7346
7348
7350
7352
7353
7354
7355
7356
7357
7359
7361
7363
7364
7365
7366
7367
7368
7369
7370
7371
7372
7373
7374
7375
7376
7378
7379
7380
7382
7383
7384
7385
7386
7387
7389
7390
7391
7392
7393
7394
7395
7397
7401
7402
7403
7404
7406
7408
7410
7413
7415
7416
7417
7418
7419
7421
7423
7424
7426
7427
7428
7430
7431
7432
7433
7434
7435
7436
7437
7438
7439
7440
7441
7443
7444
7445
7448
7449
7450
7451
7453
7454
7455
7457
7458
7459
7461
7462
7463
7464
7465
7466
7467
7468
7469
7470
7472
7474
7478
7479
7480
7481
7483
7484
7485
7487
7489
7491
7492
7493
7495
7496
7497
7498
7499
7500
7501
7502
7503
7505
7506
7508
7509
7510
7511
7514
7515
7516
7518
7519
7520
7521
7522
7523
7524
7525
7526
7527
7529
7530
7532
7533
7534
7535
7537
7538
7539
7540
7541
7542
7543
7544
7545
7546
7547
7548
7549
7551
7552
7553
7554
7555
7556
7557
7558
7559
7560
7561
7562
7563
7564
7565
7566
7567
7568
7569
7571
7573
7574
7575
7576
7578
7579
7580
7581
7582
7583
7584
7585
7586
7587
7588
7589
7590
7591
7592
7593
7594
7595
7596
7597
7600
7601
7602
7604
7605
7606
7607
7608
7609
7610
7611
7612
7613
7615
7616
7617
7618
7620
7621
7622
7624
7625
7626
7628
7629
7632
7633
7634
7635
7636
7637
7638
7639
7640
7641
7642
7643
7644
7645
7648
7649
7650
7651
7652
7653
7654
7655
7656
7657
7658
7659
7660
7661
7662
7663
7664
7666
7667
7669
7670
7671
7673
7674
7675
7676
7677
7678
7681
7682
7683
7684
7686
7687
7689
7690
7691
7692
7693
7694
7695
7696
7697
7698
7699
7700
7701
7702
7703
7705
7709
7710
7711
7712
7713
7714
7715
7716
7717
7718
7719
7720
7722
7723
7724
7725
7726
7727
7728
7729
7730
7731
7732
7733
7734
7736
7737
7738
7739
7741
7742
7743
7744
7745
7748
7749
7750
7751
7752
7753
7756
7757
7760
7761
7762
7763
7764
7765
7766
7767
7768
7770
7771
7772
7773
7775
7776
7777
7778
7779
7780
7781
7782
7783
7784
7785
7786
7787
7788
7789
7790
7791
7792
7793
7794
7795
7796
7797
7798
7799
7800
7802
7803
7806
7807
7808
7810
7812
7813
7815
7817
7819
7820
7822
7824
7825
7828
7829
7830
7831
7832
7833
7834
7835
7836
7837
7838
7839
7840
7841
7842
7843
7844
7846
7848
7849
7850
7851
7852
7853
7854
7855
7856
7857
7859
7860
7861
7862
7863
7864
7865
7867
7868
7869
7870
7871
7872
7873
7874
7875
7877
7878
7880
7881
7883
7884
7885
7886
7887
7888
7889
7890
7892
7894
7896
7897
7898
7899
7900
7902
7903
7904
7905
7906
7907
7909
7910
7911
7912
7913
7914
7915
7916
7917
7918
7919
7920
7922
7923
7924
7925
7926
7928
7929
7930
7931
7932
7934
7935
7936
7937
7940
7941
7942
7943
7944
7945
7946
7947
7948
7949
7950
7953
7954
7955
7956
7957
7960
7962
7963
7964
7965
7966
7967
7968
7969
7971
7972
7974
7975
7976
7977
7978
7980
7982
7984
7986
7987
7988
7990
7993
7994
7995
7998
7999
8001
8002
8003
8004
8005
8006
8007
8008
8009
8010
8011
8012
8013
8014
8015
8016
8017
8018
8019
8020
8021
8022
8023
8024
8025
8026
8027
8028
8029
8030
8031
8032
8033
8034
8036
8037
8038
8040
8041
8042
8043
8045
8046
8047
8049
8050
8051
8052
8053
8054
8055
8056
8057
8059
8060
8061
8062
8064
8065
8066
8068
8069
8070
8071
8072
8075
8076
8077
8078
8079
8080
8081
8082
8083
8084
8085
8086
8087
8088
8090
8091
8094
8095
8096
8097
8098
8099
8100
8101
8102
8103
8105
8106
8107
8108
8111
8113
8114
8115
8117
8118
8119
8120
8121
8122
8123
8124
8125
8127
8128
8129
8130
8132
8134
8135
8136
8137
8138
8139
8140
8141
8142
8143
8144
8145
8146
8147
8149
8150
8151
8152
8153
8154
8155
8156
8158
8160
8161
8162
8163
8164
8165
8166
8167
8168
8169
8172
8173
8174
8176
8177
8178
8179
8180
8181
8182
8184
8185
8186
8187
8189
8190
8191
8192
8193
8194
8195
8196
8197
8198
8199
8200
8201
8202
8203
8204
8205
8207
8209
8210
8211
8212
8213
8214
8215
8217
8218
8219
8220
8222
8223
8224
8225
8226
8227
8229
8231
8232
8233
8234
8235
8236
8238
8239
8240
8241
8242
8243
8244
8245
8246
8249
8250
8251
8252
8253
8254
8255
8256
8259
8260
8261
8262
8263
8264
8265
8266
8268
8269
8271
8272
8273
8274
8276
8279
8280
8281
8282
8284
8285
8286
8287
8288
8289
8290
8292
8293
8294
8295
8296
8298
8299
8302
8303
8304
8305
8306
8307
8308
8309
8310
8311
8312
8313
8314
8315
8316
8317
8318
8320
8321
8322
8323
8324
8326
8327
8328
8329
8330
8332
8333
8334
8335
8336
8337
8338
8339
8340
8341
8342
8343
8344
8345
8346
8347
8348
8349
8350
8351
8352
8354
8355
8357
8358
8359
8360
8362
8363
8364
8365
8366
8367
8368
8369
8371
8372
8373
8376
8377
8378
8379
8380
8381
8383
8384
8385
8386
8387
8388
8389
8390
8391
8392
8393
8394
8395
8396
8397
8398
8399
8400
8401
8402
8404
8405
8406
8407
8408
8409
8410
8411
8412
8413
8415
8417
8418
8419
8420
8421
8422
8423
8425
8427
8428
8429
8430
8431
8432
8433
8434
8435
8436
8439
8440
8441
8442
8443
8444
8445
8446
8448
8449
8451
8452
8453
8454
8455
8456
8457
8458
8460
8461
8462
8463
8464
8465
8466
8467
8468
8469
8470
8471
8472
8473
8474
8475
8476
8477
8478
8479
8480
8481
8482
8483
8484
8485
8486
8487
8488
8489
8490
8491
8492
8494
8495
8496
8497
8499
8500
8501
8502
8503
8504
8505
8506
8507
8508
8509
8510
8511
8512
8513
8514
8516
8517
8518
8519
8520
8521
8522
8523
8524
8525
8526
8529
8530
8531
8532
8533
8534
8535
8536
8540
8541
8543
8545
8547
8548
8549
8551
8552
8553
8554
8555
8556
8557
8559
8560
8561
8562
8563
8564
8565
8566
8570
8571
8573
8574
8577
8578
8580
8581
8582
8583
8584
8585
8586
8588
8589
8591
8592
8593
8595
8597
8598
8599
8601
8602
8604
8605
8606
8608
8609
8610
8611
8612
8613
8614
8615
8616
8617
8618
8619
8620
8622
8623
8624
8625
8626
8627
8628
8632
8633
8634
8635
8637
8638
8639
8640
8642
8643
8644
8646
8647
8648
8649
8652
8653
8655
8656
8658
8659
8660
8661
8662
8663
8665
8666
8667
8668
8670
8671
8672
8673
8675
8677
8678
8679
8680
8681
8683
8684
8685
8686
8687
8689
8691
8692
8693
8694
8695
8696
8697
8698
8699
8700
8701
8702
8703
8704
8705
8707
8708
8710
8712
8713
8714
8716
8717
8719
8720
8722
8723
8724
8725
8727
8728
8729
8732
8734
8735
8736
8737
8738
8739
8742
8743
8744
8745
8746
8747
8749
8750
8751
8753
8754
8755
8756
8757
8758
8760
8761
8762
8765
8767
8768
8769
8770
8771
8772
8773
8775
8776
8777
8779
8780
8781
8782
8783
8784
8785
8786
8787
8790
8791
8792
8793
8794
8796
8797
8798
8799
8800
8801
8804
8805
8806
8807
8808
8809
8812
8813
8814
8815
8817
8818
8820
8821
8822
8823
8825
8826
8827
8828
8831
8833
8834
8836
8837
8838
8839
8841
8842
8843
8844
8845
8846
8847
8848
8849
8850
8851
8852
8853
8854
8855
8856
8857
8858
8861
8862
8863
8864
8866
8867
8868
8869
8871
8872
8873
8874
8875
8876
8877
8878
8879
8881
8882
8883
8884
8885
8887
8888
8889
8890
8891
8893
8894
8896
8897
8898
8899
8900
8901
8902
8903
8904
8905
8906
8907
8908
8910
8911
8912
8913
8914
8915
8916
8917
8918
8919
8920
8921
8922
8923
8924
8925
8928
8930
8931
8932
8933
8934
8935
8937
8938
8940
8941
8942
8944
8945
8947
8948
8949
8950
8951
8952
8953
8956
8957
8958
8959
8960
8961
8962
8963
8964
8966
8967
8969
8970
8972
8973
8974
8976
8977
8978
8979
8980
8981
8982
8983
8984
8985
8987
8989
8990
8992
8993
8994
8995
8996
8997
8999
9000
9001
9002
9003
9004
9005
9006
9007
9008
9009
9010
9011
9012
9013
9014
9016
9017
9018
9019
9020
9021
9023
9024
9027
9028
9029
9030
9031
9032
9033
9034
9035
9036
9037
9038
9039
9040
9041
9042
9043
9044
9045
9047
9048
9050
9052
9053
9054
9055
9057
9058
9059
9060
9061
9062
9063
9064
9065
9066
9067
9068
9069
9071
9072
9075
9076
9077
9078
9079
9082
9084
9085
9086
9087
9088
9089
9090
9093
9095
9097
9099
9100
9101
9102
9103
9104
9105
9108
9109
9110
9111
9112
9113
9114
9116
9117
9118
9119
9121
9123
9124
9128
9129
9131
9133
9135
9136
9137
9138
9139
9140
9141
9143
9144
9146
9147
9149
9150
9153
9154
9155
9156
9158
9159
9163
9164
9166
9167
9168
9169
9170
9171
9172
9173
9174
9175
9176
9180
9181
9182
9183
9184
9185
9186
9187
9188
9189
9190
9191
9192
9194
9196
9197
9200
9201
9202
9203
9204
9205
9206
9207
9208
9209
9210
9211
9212
9214
9215
9216
9217
9218
9219
9220
9221
9222
9223
9226
9227
9228
9229
9230
9232
9233
9234
9236
9237
9238
9239
9240
9241
9243
9244
9245
9247
9248
9249
9250
9251
9252
9253
9254
9255
9257
9258
9259
9261
9262
9264
9265
9266
9267
9268
9269
9270
9271
9272
9273
9274
9278
9279
9280
9281
9282
9283
9284
9285
9286
9287
9290
9292
9293
9296
9297
9298
9299
9301
9302
9303
9304
9306
9307
9308
9309
9310
9317
9318
9319
9321
9322
9323
9324
9325
9326
9327
9328
9331
9333
9334
9336
9337
9338
9339
9340
9342
9343
9345
9347
9348
9350
9351
9353
9354
9356
9357
9358
9361
9362
9363
9364
9366
9367
9368
9369
9370
9371
9372
9373
9374
9375
9376
9377
9378
9379
9380
9381
9385
9386
9387
9388
9389
9390
9391
9392
9393
9395
9397
9398
9399
9400
9402
9403
9404
9405
9407
9409
9410
9412
9414
9415
9416
9417
9418
9419
9420
9421
9422
9423
9424
9427
9428
9430
9431
9432
9433
9434
9435
9437
9439
9440
9441
9442
9443
9444
9445
9446
9447
9448
9449
9450
9451
9452
9454
9455
9457
9459
9460
9461
9463
9464
9466
9467
9468
9469
9471
9472
9473
9474
9475
9476
9477
9478
9479
9480
9481
9482
9483
9485
9486
9487
9488
9492
9493
9494
9495
9496
9497
9499
9500
9501
9502
9503
9504
9505
9506
9507
9508
9509
9510
9511
9512
9513
9514
9515
9517
9518
9520
9521
9522
9523
9524
9525
9526
9527
9532
9533
9534
9535
9536
9537
9538
9539
9540
9541
9542
9543
9545
9546
9548
9550
9555
9556
9557
9558
9559
9560
9561
9563
9564
9565
9568
9569
9570
9571
9572
9573
9574
9575
9579
9581
9582
9583
9584
9585
9586
9588
9589
9590
9592
9593
9594
9596
9598
9599
9600
9602
9603
9604
9605
9606
9607
9608
9610
9611
9612
9613
9615
9618
9619
9620
9622
9623
9624
9625
9626
9627
9628
9630
9632
9633
9634
9635
9637
9640
9641
9642
9646
9648
9649
9651
9652
9653
9655
9657
9658
9660
9662
9663
9664
9665
9666
9667
9668
9669
9670
9671
9672
9673
9674
9675
9676
9677
9679
9680
9681
9682
9684
9685
9686
9687
9688
9689
9690
9691
9692
9694
9695
9696
9698
9699
9700
9701
9703
9704
9705
9707
9708
9709
9710
9711
9712
9713
9714
9715
9716
9718
9720
9721
9722
9723
9724
9725
9726
9727
9728
9730
9731
9732
9733
9734
9735
9736
9738
9739
9740
9744
9745
9748
9749
9750
9751
9752
9753
9755
9757
9758
9761
9764
9765
9766
9769
9770
9771
9773
9774
9775
9776
9777
9778
9779
9780
9781
9783
9784
9785
9786
9787
9789
9790
9791
9793
9795
9796
9797
9798
9799
9801
9804
9805
9806
9807
9808
9809
9810
9811
9812
9813
9814
9815
9816
9817
9818
9819
9821
9822
9823
9824
9825
9826
9827
9828
9829
9830
9831
9832
9833
9834
9835
9836
9838
9839
9840
9841
9842
9843
9845
9846
9847
9848
9849
9850
9853
9855
9856
9857
9858
9859
9860
9861
9862
9863
9864
9865
9866
9867
9868
9870
9871
9872
9874
9875
9877
9879
9880
9881
9882
9883
9884
9885
9886
9888
9890
9892
9893
9894
9895
9896
9897
9900
9903
9906
9907
9908
9909
9910
9911
9915
9916
9918
9919
9920
9922
9923
9925
9926
9927
9928
9929
9930
9931
9932
9933
9934
9936
9938
9939
9940
9942
9943
9944
9945
9946
9947
9948
9949
9951
9952
9953
9956
9958
9959
9960
9961
9962
9963
9964
9966
9967
9969
9970
9971
9972
9973
9974
9975
9976
9977
9978
9979
9980
9982
9984
9986
9987
9988
9989
9990
9991
9992
9993
9994
9995
9996
9997
9998
9999
10000
10001
10002
10003
10004
10005
10006
10010
10011
10013
10014
10015
10016
10017
10018
10020
10021
10022
10023
10024
10025
10027
10028
10029
10030
10031
10032
10033
10034
10035
10036
10038
10039
10040
10041
10042
10044
10045
10046
10047
10049
10050
10052
10053
10054
10057
10060
10061
10063
10065
10067
10069
10071
10072
10073
10074
10076
10077
10078
10079
10080
10082
10083
10084
10085
10087
10088
10090
10091
10092
10093
10095
10097
10098
10101
10102
10104
10105
10106
10108
10110
10112
10113
10114
10116
10118
10120
10121
10122
10124
10125
10126
10128
10130
10131
10132
10133
10134
10135
10137
10138
10139
10140
10141
10142
10143
10144
10146
10147
10150
10151
10152
10153
10155
10156
10157
10158
10159
10160
10162
10163
10164
10165
10166
10167
10168
10169
10172
10173
10174
10175
10178
10179
10180
10181
10182
10183
10184
10185
10186
10187
10188
10189
10191
10192
10193
10194
10195
10196
10197
10198
10199
10201
10202
10203
10204
10206
10207
10208
10209
10210
10211
10212
10213
10215
10217
10218
10219
10220
10222
10223
10226
10229
10231
10232
10233
10234
10235
10236
10237
10238
10239
10240
10241
10242
10243
10244
10247
10248
10249
10250
10251
10252
10253
10254
10255
10256
10258
10259
10261
10262
10263
10264
10266
10267
10268
10269
10270
10272
10273
10274
10275
10276
10277
10278
10279
10280
10281
10282
10284
10286
10287
10288
10289
10290
10291
10292
10294
10296
10297
10298
10299
10300
10301
10303
10304
10305
10306
10307
10308
10309
10311
10312
10313
10314
10315
10317
10318
10319
10320
10321
10322
10324
10325
10326
10327
10329
10330
10331
10333
10334
10335
10336
10337
10338
10339
10340
10341
10342
10343
10344
10345
10346
10349
10350
10351
10352
10354
10355
10356
10357
10358
10361
10362
10364
10365
10367
10368
10371
10373
10374
10375
10376
10377
10378
10379
10380
10381
10382
10383
10384
10385
10386
10388
10389
10390
10391
10392
10393
10397
10398
10399
10400
10401
10402
10403
10404
10405
10406
10407
10408
10410
10412
10413
10415
10416
10417
10418
10419
10424
10425
10426
10427
10428
10429
10430
10431
10432
10433
10434
10435
10439
10440
10442
10445
10446
10450
10451
10452
10453
10454
10455
10456
10457
10458
10459
10460
10461
10462
10463
10464
10465
10466
10467
10468
10469
10470
10471
10472
10473
10474
10475
10476
10478
10479
10480
10481
10482
10483
10484
10485
10486
10487
10488
10489
10490
10491
10492
10493
10494
10495
10497
10498
10499
10502
10503
10504
10505
10506
10507
10509
10511
10512
10515
10516
10517
10519
10520
10521
10522
10523
10524
10525
10529
10530
10531
10533
10534
10536
10537
10538
10539
10540
10541
10542
10543
10544
10545
10548
10549
10550
10551
10552
10553
10555
10557
10558
10560
10561
10562
10563
10564
10565
10569
10570
10572
10573
10574
10576
10577
10578
10579
10582
10583
10584
10585
10587
10589
10590
10592
10593
10594
10597
10598
10599
10600
10601
10602
10603
10604
10605
10606
10607
10608
10611
10612
10613
10615
10616
10617
10619
10620
10621
10623
10624
10625
10627
10629
10630
10631
10632
10633
10634
10635
10636
10639
10640
10641
10642
10643
10644
10646
10647
10649
10650
10652
10653
10654
10655
10657
10659
10660
10661
10663
10665
10666
10669
10672
10673
10675
10678
10679
10680
10682
10684
10685
10686
10687
10690
10691
10692
10694
10695
10696
10697
10698
10699
10700
10701
10702
10703
10705
10708
10709
10710
10711
10713
10714
10716
10717
10719
10720
10721
10722
10723
10724
10725
10726
10727
10728
10729
10731
10732
10733
10734
10735
10736
10737
10738
10739
10740
10741
10742
10743
10744
10745
10746
10749
10751
10752
10753
10755
10756
10757
10758
10759
10760
10761
10762
10763
10764
10765
10766
10768
10769
10770
10771
10772
10773
10774
10775
10776
10777
10778
10779
10780
10781
10782
10783
10784
10785
10786
10787
10788
10789
10790
10791
10792
10793
10794
10795
10799
10800
10804
10806
10807
10808
10810
10811
10812
10813
10814
10816
10817
10818
10822
10824
10825
10826
10828
10829
10830
10832
10834
10835
10836
10838
10839
10840
10841
10842
10843
10844
10845
10846
10849
10851
10852
10853
10854
10855
10856
10857
10858
10859
10860
10861
10862
10863
10865
10866
10867
10868
10869
10870
10872
10875
10876
10877
10878
10879
10880
10882
10883
10884
10885
10886
10887
10890
10892
10893
10894
10895
10896
10897
10898
10899
10900
10901
10902
10903
10905
10906
10907
10908
10910
10911
10912
10913
10914
10917
10918
10919
10921
10922
10923
10924
10925
10926
10928
10929
10930
10931
10932
10933
10934
10936
10937
10938
10939
10941
10942
10944
10946
10949
10950
10951
10952
10954
10956
10957
10958
10959
10960
10961
10962
10963
10964
10965
10966
10967
10968
10969
10970
10971
10972
10973
10975
10976
10978
10980
10984
10985
10986
10987
10988
10989
10990
10991
10993
10994
10997
10999
11000
11002
11004
11006
11007
11008
11009
11010
11012
11013
11016
11018
11020
11021
11022
11023
11024
11025
11028
11030
11031
11032
11033
11034
11035
11036
11037
11038
11039
11040
11041
11043
11044
11045
11046
11047
11048
11049
11050
11051
11053
11055
11057
11058
11059
11060
11062
11063
11064
11066
11067
11068
11069
11072
11073
11074
11076
11077
11078
11079
11081
11082
11083
11085
11086
11087
11088
11090
11091
11092
11093
11095
11096
11097
11098
11099
11100
11101
11102
11105
11106
11107
11108
11109
11111
11112
11113
11114
11116
11117
11119
11120
11121
11122
11124
11125
11126
11127
11128
11129
11130
11131
11132
11133
11134
11135
11136
11137
11139
11140
11141
11142
11144
11145
11146
11147
11148
11149
11150
11151
11152
11153
11154
11155
11156
11157
11158
11159
11160
11161
11163
11164
11165
11166
11167
11168
11169
11170
11171
11173
11174
11175
11176
11177
11178
11179
11180
11181
11182
11183
11184
11185
11187
11188
11189
11190
11192
11193
11194
11195
11197
11198
11202
11203
11204
11205
11206
11207
11208
11209
11210
11211
11212
11213
11214
11215
11216
11217
11218
11219
11220
11222
11223
11224
11225
11227
11228
11229
11230
11231
11232
11233
11234
11236
11238
11239
11240
11241
11242
11243
11244
11245
11246
11247
11248
11249
11250
11251
11252
11253
11254
11255
11256
11257
11258
11261
11262
11263
11264
11265
11266
11268
11269
11271
11272
11274
11275
11277
11278
11279
11280
11281
11282
11283
11284
11285
11286
11287
11288
11290
11291
11292
11293
11294
11295
11296
11298
11300
11301
11304
11305
11308
11309
11310
11311
11312
11313
11314
11315
11316
11318
11319
11320
11321
11322
11323
11324
11325
11326
11327
11328
11329
11330
11332
11336
11337
11338
11339
11340
11341
11342
11343
11346
11347
11349
11350
11352
11353
11354
11355
11357
11358
11359
11360
11361
11362
11363
11365
11366
11367
11368
11369
11370
11371
11372
11375
11376
11378
11379
11381
11382
11384
11385
11386
11387
11388
11389
11390
11391
11393
11394
11395
11396
11397
11398
11399
11400
11401
11402
11403
11405
11406
11407
11408
11409
11411
11414
11415
11416
11419
11420
11421
11422
11424
11426
11428
11429
11430
11431
11432
11433
11434
11435
11436
11437
11438
11439
11440
11441
11444
11447
11450
11451
11452
11453
11454
11455
11456
11457
11459
11461
11466
11467
11469
11470
11472
11474
11477
11478
11480
11481
11482
11483
11488
11489
11490
11491
11492
11493
11494
11496
11497
11498
11500
11501
11502
11503
11504
11506
11509
11510
11512
11513
11514
11516
11517
11518
11519
11521
11523
11524
11525
11527
11528
11529
11531
11532
11533
11535
11537
11538
11540
11541
11543
11544
11545
11546
11547
11548
11549
11550
11552
11553
11554
11555
11556
11557
11559
11561
11562
11563
11564
11565
11566
11567
11568
11569
11570
11572
11573
11574
11579
11580
11582
11585
11587
11590
11591
11592
11593
11595
11596
11597
11598
11600
11602
11605
11606
11607
11608
11609
11612
11613
11614
11615
11616
11617
11618
11619
11620
11621
11622
11623
11625
11627
11628
11629
11633
11634
11635
11639
11640
11641
11642
11644
11645
11648
11650
11651
11652
11653
11654
11655
11656
11657
11658
11659
11660
11661
11663
11666
11667
11668
11669
11670
11671
11672
11673
11676
11678
11679
11680
11683
11684
11685
11686
11687
11689
11690
11691
11692
11693
11694
11696
11697
11698
11701
11702
11704
11705
11706
11707
11708
11709
11710
11712
11715
11716
11717
11718
11719
11720
11721
11722
11723
11725
11727
11728
11729
11730
11733
11734
11735
11737
11743
11745
11746
11747
11748
11750
11751
11753
11754
11756
11758
11759
11760
11761
11762
11763
11764
11765
11766
11767
11768
11770
11771
11772
11774
11775
11776
11778
11779
11782
11783
11784
11786
11787
11788
11789
11790
11791
11792
11795
11798
11799
11800
11801
11803
11804
11805
11806
11807
11808
11809
11810
11811
11813
11814
11815
11816
11817
11818
11819
11820
11821
11822
11823
11825
11827
11828
11831
11832
11833
11834
11835
11836
11838
11839
11840
11842
11843
11845
11846
11847
11848
11849
11851
11852
11853
11855
11856
11857
11858
11861
11862
11863
11864
11865
11867
11868
11869
11870
11871
11873
11875
11876
11878
11879
11881
11882
11883
11884
11886
11888
11889
11890
11892
11893
11894
11895
11896
11897
11898
11901
11902
11905
11906
11907
11908
11909
11910
11911
11912
11914
11917
11918
11920
11921
11922
11924
11925
11926
11927
11930
11932
11933
11936
11937
11938
11939
11940
11941
11942
11944
11946
11947
11948
11949
11950
11951
11952
11955
11956
11957
11958
11960
11961
11962
11963
11964
11965
11966
11967
11968
11969
11971
11972
11973
11974
11975
11976
11979
11980
11981
11982
11983
11984
11985
11986
11987
11988
11990
11991
11992
11993
11994
11995
11996
11997
11998
11999
12000
12001
12004
12005
12006
12008
12009
12010
12011
12013
12015
12017
12019
12021
12022
12024
12025
12026
12028
12029
12031
12032
12033
12034
12035
12037
12039
12040
12041
12042
12043
12044
12045
12046
12047
12048
12050
12051
12052
12053
12054
12055
12056
12059
12060
12061
12062
12064
12065
12066
12067
12068
12069
12070
12071
12073
12074
12075
12076
12077
12078
12079
12080
12082
12083
12084
12086
12088
12089
12090
12091
12092
12093
12095
12096
12098
12100
12101
12102
12103
12104
12105
12106
12107
12109
12110
12112
12113
12114
12115
12117
12118
12120
12121
12122
12123
12124
12125
12126
12128
12129
12130
12131
12132
12133
12134
12137
12138
12140
12141
12142
12143
12145
12146
12148
12149
12150
12151
12152
12155
12156
12157
12158
12159
12161
12162
12163
12164
12165
12167
12168
12169
12171
12174
12176
12177
12178
12179
12180
12182
12183
12184
12185
12186
12187
12188
12189
12190
12192
12193
12194
12195
12196
12197
12198
12199
12200
12201
12202
12203
12204
12205
12206
12207
12210
12214
12215
12216
12217
12218
12219
12220
12221
12222
12223
12224
12225
12226
12227
12228
12229
12230
12232
12233
12234
12235
12236
12237
12238
12239
12241
12242
12243
12244
12245
12247
12249
12250
12253
12254
12255
12258
12259
12261
12262
12263
12264
12265
12266
12268
12269
12270
12271
12272
12275
12276
12277
12278
12279
12281
12282
12283
12284
12285
12286
12287
12288
12291
12292
12293
12294
12295
12296
12297
12298
12300
12302
12304
12305
12306
12307
12309
12311
12312
12313
12314
12315
12316
12317
12320
12321
12322
12323
12325
12326
12327
12328
12331
12333
12334
12335
12336
12337
12339
12343
12345
12346
12347
12348
12350
12351
12352
12354
12355
12356
12357
12358
12359
12360
12361
12363
12364
12365
12366
12368
12369
12370
12373
12375
12376
12378
12380
12381
12383
12385
12386
12387
12388
12389
12390
12391
12395
12396
12397
12398
12399
12400
12401
12402
12404
12405
12406
12407
12408
12410
12412
12413
12414
12415
12417
12418
12419
12420
12421
12423
12425
12426
12427
12428
12429
12431
12432
12433
12435
12436
12437
12439
12441
12442
12443
12444
12447
12448
12449
12450
12452
12453
12454
12455
12456
12458
12459
12460
12461
12462
12463
12464
12465
12466
12467
12468
12469
12470
12471
12472
12477
12478
12480
12481
12482
12483
12484
12485
12486
12488
12489
12490
12492
12495
12497
12500
12501
12502
12503
12504
12505
12506
12507
12508
12509
12510
12511
12513
12514
12515
12516
12517
12518
12519
12520
12521
12522
12523
12524
12525
12526
12527
12528
12529
12531
12532
12533
12534
12535
12536
12537
12538
12539
12540
12541
12543
12544
12545
12547
12548
12550
12551
12552
12553
12555
12556
12557
12558
12559
12562
12563
12564
12567
12568
12569
12570
12571
12572
12573
12574
12575
12576
12577
12578
12579
12580
12583
12584
12585
12586
12587
12588
12590
12591
12593
12594
12596
12597
12598
12601
12602
12603
12606
12607
12609
12610
12611
12612
12613
12614
12615
12616
12617
12618
12619
12621
12622
12623
12624
12625
12626
12627
12629
12630
12633
12634
12635
12636
12638
12639
12640
12641
12642
12643
12644
12645
12646
12647
12648
12649
12650
12653
12654
12655
12656
12659
12660
12661
12662
12663
12664
12665
12668
12669
12672
12673
12674
12675
12676
12677
12679
12680
12681
12682
12683
12684
12688
12689
12690
12692
12693
12694
12697
12698
12699
12701
12702
12704
12705
12706
12707
12709
12710
12711
12712
12713
12715
12717
12718
12719
12720
12722
12723
12726
12728
12731
12732
12733
12734
12735
12737
12738
12739
12740
12741
12742
12744
12745
12746
12747
12748
12749
12750
12752
12753
12754
12755
12756
12757
12759
12760
12761
12762
12765
12767
12768
12769
12771
12772
12777
12778
12779
12780
12781
12782
12784
12785
12786
12787
12789
12792
12793
12795
12797
12798
12799
12800
12801
12803
12804
12805
12806
12807
12808
12809
12816
12817
12822
12823
12824
12826
12828
12829
12830
12831
12832
12833
12834
12836
12837
12838
12840
12841
12843
12844
12846
12847
12848
12849
12850
12851
12852
12854
12855
12856
12857
12858
12861
12863
12864
12865
12867
12868
12870
12871
12872
12873
12874
12875
12876
12877
12878
12880
12881
12882
12883
12884
12885
12887
12888
12889
12890
12891
12893
12895
12896
12897
12898
12899
12901
12902
12903
12904
12906
12908
12909
12910
12911
12912
12913
12914
12917
12918
12919
12920
12921
12922
12923
12924
12925
12927
12928
12929
12930
12931
12932
12933
12934
12935
12936
12937
12938
12939
12943
12944
12945
12946
12947
12948
12949
12950
12951
12952
12954
12955
12956
12957
12958
12959
12960
12961
12962
12963
12964
12965
12966
12967
12968
12971
12973
12975
12976
12977
12980
12982
12983
12984
12985
12986
12987
12988
12991
12993
12994
12995
12996
12997
12998
12999
13000
13001
13003
13004
13005
13006
13007
13009
13010
13011
13013
13014
13015
13016
13017
13019
13021
13022
13023
13024
13026
13027
13028
13029
13030
13031
13033
13034
13035
13037
13038
13039
13041
13042
13043
13044
13045
13046
13047
13048
13050
13051
13053
13054
13057
13058
13059
13061
13062
13063
13064
13065
13066
13067
13068
13071
13072
13075
13077
13081
13082
13083
13084
13085
13086
13087
13090
13091
13092
13093
13094
13095
13096
13097
13099
13101
13102
13104
13105
13106
13108
13109
13111
13112
13116
13117
13119
13120
13121
13122
13123
13124
13125
13126
13128
13129
13131
13132
13135
13136
13137
13138
13139
13140
13141
13142
13145
13146
13147
13150
13151
13153
13155
13156
13157
13158
13159
13160
13161
13162
13163
13164
13166
13168
13170
13171
13172
13173
13175
13176
13177
13178
13179
13180
13181
13182
13183
13184
13185
13186
13187
13188
13190
13191
13193
13194
13196
13198
13199
13200
13201
13202
13204
13205
13207
13208
13210
13211
13212
13213
13214
13215
13216
13218
13219
13222
13223
13224
13226
13227
13228
13229
13230
13232
13233
13234
13235
13236
13237
13238
13239
13240
13242
13243
13244
13245
13248
13249
13250
13252
13253
13254
13255
13259
13260
13262
13263
13264
13265
13266
13267
13271
13273
13274
13276
13278
13279
13280
13281
13282
13285
13286
13287
13288
13290
13293
13295
13296
13299
13301
13304
13305
13306
13307
13308
13310
13311
13312
13315
13316
13317
13319
13320
13323
13324
13325
13328
13329
13330
13332
13333
13334
13336
13337
13338
13340
13343
13345
13346
13348
13350
13351
13352
13353
13354
13356
13358
13360
13362
13363
13364
13365
13366
13367
13368
13370
13371
13372
13375
13376
13377
13378
13379
13380
13382
13383
13384
13385
13386
13387
13388
13390
13392
13394
13395
13398
13399
13400
13402
13403
13404
13407
13408
13410
13411
13412
13413
13414
13418
13419
13420
13421
13422
13423
13424
13425
13426
13427
13428
13429
13430
13432
13433
13434
13435
13437
13438
13441
13442
13443
13444
13446
13447
13449
13450
13451
13452
13453
13454
13455
13456
13457
13458
13459
13462
13463
13464
13468
13469
13470
13472
13473
13474
13476
13477
13478
13479
13480
13481
13482
13483
13484
13485
13486
13487
13488
13491
13492
13496
13497
13498
13500
13503
13504
13505
13510
13511
13512
13513
13514
13515
13516
13518
13519
13520
13522
13523
13524
13525
13528
13529
13534
13535
13536
13537
13538
13539
13540
13542
13543
13544
13545
13547
13548
13550
13553
13554
13555
13556
13557
13558
13560
13561
13562
13563
13564
13565
13567
13569
13570
13571
13574
13578
13579
13580
13581
13582
13585
13587
13588
13589
13590
13591
13592
13593
13594
13595
13596
13597
13600
13601
13604
13605
13606
13607
13608
13609
13611
13612
13613
13615
13616
13617
13618
13619
13621
13624
13625
13626
13628
13631
13632
13633
13634
13635
13640
13642
13643
13646
13648
13649
13651
13653
13654
13657
13658
13660
13661
13662
13663
13665
13666
13667
13668
13669
13670
13671
13672
13673
13674
13675
13676
13679
13681
13682
13683
13684
13685
13686
13687
13688
13689
13690
13692
13695
13696
13697
13698
13699
13701
13702
13704
13706
13707
13710
13713
13715
13716
13717
13718
13721
13722
13724
13726
13727
13728
13729
13730
13731
13732
13733
13736
13738
13741
13742
13744
13745
13746
13747
13749
13750
13751
13753
13755
13756
13758
13759
13760
13761
13762
13764
13765
13766
13767
13769
13771
13772
13775
13777
13779
13780
13781
13783
13784
13786
13789
13791
13792
13793
13795
13796
13797
13799
13802
13803
13804
13805
13806
13808
13809
13810
13813
13816
13817
13818
13819
13820
13821
13822
13825
13826
13827
13828
13834
13835
13838
13839
13840
13841
13842
13843
13846
13847
13848
13849
13850
13851
13852
13853
13854
13855
13856
13860
13861
13862
13864
13865
13866
13867
13868
13870
13873
13874
13875
13876
13877
13878
13879
13880
13881
13882
13884
13885
13888
13890
13891
13892
13893
13894
13895
13897
13898
13899
13900
13901
13902
13903
13906
13907
13908
13909
13910
13911
13912
13914
13915
13917
13918
13919
13920
13921
13923
13924
13926
13927
13928
13929
13932
13933
13934
13935
13936
13939
13940
13941
13942
13943
13944
13946
13947
13948
13951
13954
13955
13957
13959
13961
13962
13963
13964
13966
13969
13972
13974
13975
13976
13977
13979
13981
13983
13984
13985
13986
13987
13988
13989
13990
13992
13993
13995
13996
13998
13999
14000
14003
14004
14005
14006
14008
14009
14011
14012
14014
14016
14018
14019
14020
14022
14023
14024
14025
14029
14030
14034
14035
14036
14037
14038
14039
14040
14041
14042
14043
14044
14046
14047
14048
14050
14051
14053
14055
14058
14059
14060
14061
14063
14064
14065
14066
14067
14071
14072
14073
14074
14075
14076
14078
14079
14080
14081
14084
14085
14086
14087
14089
14090
14092
14093
14094
14095
14097
14099
14103
14105
14107
14108
14109
14110
14111
14112
14114
14115
14118
14120
14121
14122
14123
14124
14125
14126
14127
14128
14129
14130
14131
14133
14134
14135
14136
14137
14138
14142
14143
14144
14145
14147
14149
14151
14154
14155
14156
14157
14158
14159
14162
14163
14164
14166
14167
14168
14169
14170
14171
14172
14174
14175
14176
14177
14178
14179
14180
14181
14182
14183
14185
14186
14188
14189
14190
14191
14192
14193
14194
14195
14196
14197
14198
14199
14201
14202
14203
14204
14205
14206
14208
14209
14211
14212
14213
14214
14215
14217
14218
14223
14224
14226
14227
14228
14229
14230
14231
14233
14234
14235
14237
14241
14242
14244
14245
14246
14249
14250
14251
14253
14254
14255
14256
14257
14258
14260
14261
14262
14263
14264
14265
14266
14267
14268
14269
14271
14272
14273
14276
14279
14280
14281
14283
14284
14285
14287
14288
14289
14290
14293
14294
14296
14297
14299
14300
14301
14304
14307
14311
14314
14315
14318
14320
14322
14323
14325
14327
14328
14330
14331
14333
14334
14335
14336
14338
14340
14341
14343
14344
14345
14346
14347
14349
14351
14352
14354
14356
14358
14360
14361
14362
14363
14367
14369
14370
14371
14372
14375
14377
14378
14380
14381
14382
14384
14385
14387
14388
14390
14392
14393
14394
14395
14397
14398
14399
14400
14401
14402
14403
14405
14406
14408
14410
14412
14413
14414
14416
14417
14418
14419
14420
14421
14422
14423
14425
14426
14427
14428
14429
14430
14431
14432
14435
14437
14439
14441
14442
14443
14444
14445
14447
14448
14450
14452
14453
14454
14455
14456
14457
14458
14459
14460
14461
14463
14464
14465
14466
14467
14469
14470
14471
14472
14475
14476
14477
14478
14479
14480
14481
14482
14484
14485
14486
14488
14489
14490
14493
14495
14496
14498
14499
14500
14501
14502
14505
14506
14507
14508
14512
14513
14514
14517
14518
14519
14520
14522
14525
14526
14527
14528
14529
14531
14533
14534
14536
14537
14540
14541
14542
14543
14545
14546
14547
14548
14549
14550
14551
14552
14554
14555
14556
14557
14559
14560
14561
14562
14563
14565
14569
14570
14571
14572
14573
14575
14576
14577
14580
14581
14583
14585
14586
14587
14588
14589
14590
14593
14594
14596
14598
14600
14601
14603
14605
14606
14607
14608
14609
14610
14611
14612
14614
14617
14618
14619
14622
14623
14624
14625
14627
14628
14629
14630
14631
14634
14635
14636
14637
14639
14641
14642
14644
14645
14646
14647
14648
14649
14650
14652
14653
14656
14658
14660
14661
14663
14664
14665
14669
14670
14671
14673
14674
14677
14678
14679
14682
14683
14685
14687
14688
14689
14691
14693
14695
14697
14698
14701
14702
14703
14704
14706
14707
14708
14709
14710
14711
14712
14713
14714
14716
14717
14718
14722
14725
14726
14727
14728
14730
14731
14733
14734
14735
14736
14737
14738
14739
14741
14743
14744
14745
14746
14748
14749
14750
14751
14752
14753
14754
14756
14757
14759
14760
14761
14762
14763
14764
14765
14767
14768
14770
14771
14772
14773
14774
14775
14777
14778
14780
14782
14785
14787
14788
14789
14791
14792
14793
14795
14796
14799
14800
14801
14803
14804
14807
14808
14809
14810
14811
14813
14817
14818
14821
14827
14828
14829
14830
14832
14833
14834
14835
14836
14838
14839
14840
14845
14848
14849
14850
14852
14853
14855
14856
14857
14858
14859
14860
14861
14862
14863
14864
14865
14867
14868
14870
14871
14873
14874
14878
14880
14882
14883
14884
14885
14886
14887
14889
14890
14892
14893
14894
14895
14897
14898
14899
14902
14903
14905
14906
14908
14909
14910
14911
14912
14913
14914
14916
14917
14918
14920
14922
14923
14926
14931
14932
14934
14935
14936
14938
14939
14940
14943
14944
14946
14947
14949
14951
14952
14953
14955
14958
14959
14960
14961
14963
14965
14967
14969
14970
14971
14972
14973
14976
14977
14979
14981
14982
14984
14986
14987
14988
14989
14991
14995
14996
14997
14998
14999
15000
15001
15002
15003
15004
15005
15006
15007
15009
15010
15011
15013
15015
15016
15018
15019
15020
15024
15025
15028
15029
15030
15031
15036
15037
15038
15039
15040
15041
15042
15043
15046
15047
15048
15049
15050
15051
15053
15054
15055
15056
15057
15058
15059
15060
15062
15063
15064
15065
15068
15069
15070
15071
15072
15074
15076
15077
15078
15081
15083
15085
15087
15088
15089
15090
15092
15094
15095
15096
15097
15098
15099
15100
15103
15104
15105
15106
15107
15108
15109
15110
15112
15115
15116
15119
15120
15121
15122
15123
15124
15125
15127
15128
15129
15130
15131
15132
15133
15134
15135
15137
15140
15141
15142
15144
15145
15146
15147
15150
15152
15154
15156
15161
15162
15164
15166
15167
15168
15170
15171
15173
15174
15175
15176
15177
15179
15181
15189
15190
15191
15192
15193
15194
15196
15199
15200
15201
15202
15203
15204
15205
15206
15207
15208
15209
15210
15211
15212
15213
15214
15215
15217
15218
15220
15221
15222
15225
15226
15227
15228
15229
15230
15232
15233
15234
15235
15238
15239
15240
15243
15244
15245
15248
15250
15251
15252
15253
15254
15257
15260
15261
15262
15263
15264
15265
15267
15268
15269
15270
15271
15272
15273
15274
15275
15277
15278
15279
15280
15281
15282
15285
15286
15288
15289
15291
15292
15293
15294
15295
15296
15297
15298
15305
15306
15307
15308
15309
15310
15312
15313
15314
15315
15316
15318
15319
15321
15322
15323
15324
15325
15326
15327
15328
15329
15330
15331
15333
15335
15336
15337
15338
15339
15340
15341
15342
15344
15345
15346
15348
15349
15350
15352
15354
15355
15360
15361
15363
15364
15365
15367
15371
15374
15375
15376
15377
15380
15381
15383
15388
15390
15392
15393
15394
15395
15397
15399
15400
15402
15403
15405
15406
15407
15408
15409
15410
15411
15412
15415
15417
15418
15420
15422
15424
15425
15426
15427
15428
15432
15433
15435
15436
15437
15440
15441
15443
15444
15445
15448
15449
15450
15451
15452
15455
15458
15460
15461
15462
15463
15464
15465
15468
15469
15470
15471
15473
15474
15477
15478
15482
15484
15485
15486
15487
15489
15491
15492
15493
15494
15495
15497
15499
15500
15501
15503
15504
15505
15506
15507
15511
15512
15513
15514
15515
15518
15519
15521
15525
15526
15527
15528
15529
15530
15531
15532
15533
15534
15535
15537
15539
15541
15542
15544
15545
15546
15547
15548
15549
15550
15551
15553
15554
15555
15557
15559
15560
15561
15563
15564
15565
15567
15569
15570
15571
15572
15573
15574
15575
15576
15577
15578
15579
15582
15586
15587
15588
15589
15591
15592
15594
15596
15597
15598
15599
15600
15603
15604
15605
15608
15609
15610
15612
15613
15614
15615
15616
15617
15618
15620
15622
15623
15624
15625
15626
15627
15628
15629
15631
15632
15633
15634
15635
15636
15638
15640
15641
15644
15646
15648
15649
15651
15653
15654
15655
15656
15659
15661
15662
15663
15664
15665
15666
15669
15670
15672
15673
15674
15675
15676
15679
15680
15683
15686
15687
15688
15689
15692
15693
15694
15695
15696
15697
15698
15699
15700
15701
15702
15703
15704
15705
15706
15707
15708
15710
15711
15714
15715
15716
15717
15719
15720
15721
15722
15723
15724
15725
15727
15728
15731
15732
15733
15734
15735
15736
15739
15740
15742
15743
15745
15746
15747
15749
15751
15752
15754
15756
15758
15759
15760
15764
15765
15766
15767
15768
15769
15770
15771
15772
15773
15774
15775
15777
15780
15781
15782
15783
15784
15785
15786
15787
15788
15790
15793
15794
15796
15797
15799
15802
15803
15804
15805
15806
15808
15809
15811
15813
15814
15815
15816
15818
15822
15823
15824
15825
15828
15829
15833
15835
15836
15837
15838
15839
15840
15842
15843
15845
15846
15847
15848
15849
15854
15855
15859
15860
15861
15862
15863
15864
15865
15866
15867
15868
15869
15872
15873
15874
15875
15876
15878
15879
15881
15883
15884
15885
15886
15888
15889
15891
15892
15893
15894
15895
15896
15897
15898
15899
15900
15902
15903
15905
15906
15907
15909
15910
15911
15915
15917
15918
15919
15920
15921
15922
15923
15924
15925
15926
15927
15930
15932
15933
15934
15936
15937
15941
15943
15944
15946
15947
15948
15949
15951
15953
15955
15956
15957
15958
15959
15960
15963
15964
15965
15968
15969
15971
15972
15974
15975
15977
15979
15981
15982
15983
15985
15986
15987
15988
15990
15991
15992
15994
15995
15998
15999
16000
16001
16002
16004
16009
16010
16012
16014
16015
16017
16018
16020
16021
16022
16023
16024
16025
16026
16028
16030
16031
16034
16035
16036
16037
16040
16042
16044
16045
16047
16048
16049
16050
16051
16052
16055
16058
16060
16061
16062
16063
16064
16066
16067
16068
16069
16070
16073
16075
16076
16077
16078
16080
16082
16083
16086
16087
16088
16089
16091
16092
16093
16094
16095
16097
16099
16100
16106
16107
16109
16110
16111
16113
16115
16117
16118
16120
16121
16125
16126
16127
16129
16131
16133
16134
16136
16137
16138
16139
16140
16141
16142
16143
16144
16146
16147
16149
16150
16152
16153
16154
16155
16156
16158
16161
16162
16163
16165
16166
16167
16168
16169
16170
16171
16172
16173
16175
16177
16182
16184
16185
16186
16187
16190
16192
16196
16197
16198
16200
16201
16202
16204
16205
16207
16208
16209
16211
16212
16213
16214
16216
16218
16219
16221
16222
16225
16226
16228
16229
16230
16231
16232
16233
16234
16237
16238
16239
16240
16242
16243
16247
16249
16250
16251
16253
16257
16261
16262
16263
16267
16268
16269
16270
16275
16277
16278
16279
16280
16282
16283
16284
16288
16290
16293
16294
16295
16296
16297
16298
16299
16300
16302
16304
16305
16306
16307
16308
16309
16311
16312
16315
16317
16318
16320
16321
16323
16324
16325
16326
16327
16328
16330
16331
16332
16333
16335
16336
16337
16338
16341
16343
16345
16346
16347
16348
16349
16350
16351
16353
16354
16355
16357
16358
16359
16360
16361
16364
16365
16366
16372
16373
16375
16376
16377
16379
16382
16383
16384
16385
16387
16388
16392
16393
16394
16398
16399
16400
16401
16402
16403
16404
16405
16406
16408
16409
16410
16411
16412
16413
16414
16415
16416
16417
16419
16420
16421
16424
16425
16427
16428
16429
16430
16431
16432
16433
16434
16435
16439
16440
16441
16443
16444
16446
16447
16448
16450
16451
16453
16454
16455
16456
16457
16458
16461
16463
16464
16465
16466
16468
16471
16472
16473
16474
16475
16476
16478
16480
16482
16484
16486
16488
16489
16490
16491
16492
16493
16494
16495
16496
16499
16500
16502
16505
16506
16507
16508
16509
16510
16511
16513
16515
16516
16518
16519
16520
16522
16523
16524
16525
16526
16527
16531
16532
16533
16534
16536
16539
16540
16541
16542
16543
16545
16546
16547
16548
16549
16551
16552
16556
16560
16561
16562
16563
16565
16566
16568
16569
16570
16571
16572
16573
16575
16576
16577
16579
16580
16581
16583
16584
16585
16586
16587
16589
16591
16592
16593
16594
16596
16598
16599
16602
16603
16604
16606
16607
16608
16609
16610
16612
16613
16614
16615
16617
16618
16620
16621
16624
16627
16629
16630
16632
16637
16638
16639
16640
16641
16642
16643
16644
16645
16646
16647
16648
16653
16655
16656
16657
16659
16661
16662
16663
16664
16665
16666
16667
16668
16671
16672
16673
16674
16675
16676
16677
16679
16681
16682
16683
16686
16687
16689
16690
16691
16693
16694
16695
16697
16698
16699
16701
16703
16705
16706
16707
16708
16709
16710
16712
16713
16714
16715
16717
16718
16719
16720
16721
16722
16724
16725
16727
16728
16731
16732
16734
16737
16738
16739
16740
16742
16743
16744
16746
16749
16751
16752
16753
16757
16758
16759
16760
16761
16762
16764
16765
16766
16770
16771
16772
16773
16775
16777
16778
16779
16781
16782
16784
16786
16788
16789
16793
16794
16796
16798
16800
16803
16804
16808
16809
16810
16812
16813
16814
16815
16818
16819
16820
16821
16827
16828
16829
16831
16833
16835
16838
16843
16844
16845
16847
16849
16850
16852
16853
16854
16855
16856
16857
16858
16859
16860
16862
16863
16864
16866
16867
16868
16870
16871
16872
16873
16874
16876
16879
16880
16881
16883
16884
16888
16889
16890
16891
16893
16894
16898
16899
16900
16901
16902
16904
16905
16906
16908
16909
16910
16911
16913
16915
16916
16917
16920
16921
16922
16923
16924
16928
16929
16932
16933
16935
16936
16937
16939
16940
16941
16942
16943
16944
16947
16952
16954
16955
16958
16959
16960
16961
16962
16963
16964
16965
16966
16969
16970
16972
16973
16974
16975
16976
16978
16979
16980
16981
16982
16983
16984
16985
16986
16987
16988
16989
16990
16991
16992
16993
16995
16996
16997
16998
17000
17001
17003
17005
17008
17009
17011
17016
17017
17018
17020
17022
17023
17024
17027
17029
17030
17031
17032
17033
17034
17038
17039
17041
17043
17044
17045
17047
17049
17051
17052
17055
17056
17058
17059
17061
17062
17064
17065
17066
17068
17071
17072
17073
17075
17076
17077
17078
17079
17080
17082
17083
17087
17088
17089
17090
17091
17092
17093
17094
17097
17099
17101
17102
17107
17109
17110
17111
17112
17113
17114
17117
17118
17120
17125
17126
17128
17130
17132
17133
17134
17136
17140
17141
17142
17143
17145
17146
17147
17149
17151
17153
17154
17155
17156
17157
17158
17161
17162
17163
17166
17167
17169
17171
17172
17174
17175
17177
17178
17179
17180
17181
17182
17183
17184
17185
17186
17187
17188
17189
17190
17191
17192
17193
17194
17196
17197
17198
17199
17200
17201
17203
17204
17207
17208
17210
17217
17219
17220
17221
17225
17227
17228
17229
17230
17232
17233
17234
17235
17236
17237
17238
17239
17240
17243
17244
17246
17247
17248
17249
17251
17253
17254
17257
17261
17262
17264
17266
17267
17268
17269
17270
17272
17273
17277
17278
17280
17283
17287
17290
17291
17292
17293
17294
17295
17296
17297
17298
17299
17300
17302
17304
17305
17306
17307
17308
17309
17310
17311
17312
17313
17314
17315
17316
17317
17320
17321
17322
17323
17324
17325
17326
17328
17334
17335
17338
17344
17345
17346
17349
17352
17353
17355
17356
17357
17358
17360
17363
17364
17367
17368
17369
17374
17377
17378
17379
17380
17381
17382
17383
17384
17385
17386
17387
17388
17390
17391
17392
17393
17394
17395
17396
17397
17399
17400
17401
17402
17403
17404
17407
17408
17409
17410
17413
17415
17420
17424
17425
17426
17427
17429
17430
17431
17432
17434
17435
17436
17437
17438
17439
17440
17441
17443
17444
17445
17447
17448
17450
17451
17454
17456
17457
17458
17459
17461
17462
17463
17465
17466
17467
17469
17470
17471
17476
17477
17479
17480
17481
17482
17483
17485
17486
17487
17489
17491
17492
17494
17495
17496
17497
17498
17500
17501
17502
17503
17504
17506
17507
17508
17509
17510
17512
17513
17515
17516
17517
17518
17519
17524
17525
17526
17528
17529
17531
17533
17534
17535
17538
17539
17542
17543
17545
17548
17549
17551
17553
17554
17555
17556
17557
17558
17559
17560
17561
17562
17563
17564
17565
17566
17567
17568
17571
17572
17573
17574
17575
17576
17577
17583
17584
17585
17587
17588
17589
17591
17592
17593
17594
17596
17597
17598
17599
17600
17602
17603
17604
17605
17606
17607
17610
17611
17614
17617
17619
17620
17621
17622
17623
17624
17625
17627
17628
17629
17631
17632
17633
17637
17638
17639
17640
17642
17643
17645
17646
17648
17649
17655
17657
17658
17659
17661
17664
17666
17668
17669
17670
17672
17673
17674
17676
17677
17678
17679
17680
17681
17683
17684
17685
17686
17689
17691
17693
17695
17696
17697
17699
17701
17704
17705
17708
17710
17711
17715
17720
17722
17723
17724
17728
17730
17732
17733
17735
17736
17739
17740
17742
17743
17747
17748
17749
17750
17751
17752
17754
17756
17758
17759
17760
17761
17762
17763
17764
17765
17766
17770
17771
17773
17774
17775
17776
17778
17779
17782
17784
17785
17788
17789
17790
17791
17792
17793
17795
17796
17799
17800
17802
17803
17804
17806
17809
17810
17811
17812
17813
17814
17818
17820
17822
17824
17826
17827
17828
17829
17830
17831
17832
17833
17834
17836
17838
17839
17843
17845
17848
17849
17851
17852
17853
17854
17855
17856
17860
17861
17864
17865
17869
17872
17873
17878
17880
17881
17882
17883
17884
17885
17886
17887
17888
17890
17892
17896
17898
17899
17904
17907
17908
17910
17912
17914
17915
17917
17918
17919
17920
17921
17923
17926
17927
17929
17930
17931
17932
17933
17934
17935
17936
17938
17940
17942
17943
17945
17948
17952
17953
17954
17955
17956
17957
17958
17959
17960
17962
17963
17964
17967
17969
17970
17971
17973
17974
17975
17977
17981
17982
17983
17985
17986
17987
17989
17991
17994
17995
17997
17999
18000
18001
18003
18004
18005
18006
18007
18008
18009
18011
18013
18015
18016
18017
18018
18020
18021
18023
18030
18032
18034
18035
18036
18037
18038
18040
18041
18042
18043
18044
18046
18047
18048
18049
18050
18051
18052
18053
18054
18055
18056
18057
18059
18060
18061
18063
18065
18066
18069
18073
18074
18075
18076
18077
18078
18080
18082
18083
18085
18086
18087
18088
18089
18090
18091
18092
18093
18095
18097
18098
18099
18100
18101
18102
18103
18105
18106
18109
18111
18112
18114
18115
18116
18117
18118
18119
18120
18125
18126
18128
18131
18133
18134
18136
18137
18139
18140
18141
18142
18143
18144
18145
18146
18147
18148
18149
18150
18151
18156
18157
18158
18160
18162
18163
18164
18165
18166
18167
18168
18169
18170
18173
18175
18176
18177
18178
18180
18182
18183
18184
18187
18188
18189
18192
18193
18194
18196
18197
18198
18199
18200
18202
18203
18204
18205
18206
18207
18208
18209
18211
18212
18213
18216
18217
18218
18219
18220
18221
18222
18223
18226
18227
18229
18230
18232
18233
18234
18236
18237
18238
18239
18240
18241
18243
18244
18247
18248
18252
18253
18254
18255
18258
18259
18261
18264
18266
18267
18268
18269
18270
18274
18275
18276
18279
18280
18282
18284
18289
18290
18291
18295
18296
18300
18303
18304
18305
18306
18307
18308
18309
18310
18311
18313
18315
18318
18320
18322
18323
18324
18326
18328
18329
18331
18332
18334
18335
18336
18337
18340
18341
18342
18344
18346
18348
18349
18351
18352
18353
18356
18358
18360
18364
18365
18368
18369
18370
18373
18374
18375
18376
18377
18378
18379
18381
18382
18384
18385
18386
18389
18390
18391
18394
18395
18398
18399
18400
18401
18402
18403
18404
18405
18408
18409
18411
18413
18415
18417
18420
18422
18423
18425
18426
18428
18431
18432
18433
18435
18439
18440
18443
18445
18447
18448
18449
18450
18451
18453
18455
18456
18457
18458
18459
18460
18461
18463
18464
18465
18468
18469
18470
18471
18473
18476
18477
18479
18480
18483
18484
18486
18488
18489
18490
18492
18494
18498
18499
18500
18503
18504
18506
18507
18508
18509
18511
18512
18513
18514
18515
18516
18518
18519
18520
18521
18522
18524
18526
18527
18528
18533
18534
18535
18537
18538
18539
18541
18542
18544
18545
18546
18547
18548
18549
18550
18552
18553
18554
18555
18556
18557
18558
18559
18561
18562
18563
18564
18565
18567
18568
18569
18572
18573
18574
18575
18576
18577
18578
18581
18583
18585
18586
18588
18589
18591
18593
18594
18597
18598
18599
18600
18601
18603
18605
18606
18607
18608
18609
18610
18612
18613
18615
18616
18617
18618
18619
18622
18624
18626
18627
18631
18632
18633
18635
18639
18641
18642
18644
18645
18647
18648
18651
18652
18653
18654
18655
18656
18658
18659
18660
18661
18662
18664
18666
18668
18670
18671
18673
18674
18675
18676
18677
18678
18680
18681
18682
18684
18685
18686
18687
18692
18693
18694
18695
18696
18697
18698
18699
18701
18702
18704
18705
18706
18707
18708
18709
18710
18711
18712
18714
18715
18716
18717
18718
18721
18722
18723
18724
18725
18726
18730
18731
18732
18733
18734
18737
18738
18739
18740
18741
18748
18749
18750
18752
18754
18755
18756
18757
18758
18760
18761
18763
18764
18765
18766
18767
18769
18770
18772
18773
18774
18775
18778
18779
18781
18782
18783
18785
18786
18788
18789
18790
18791
18794
18796
18797
18798
18799
18801
18802
18805
18806
18807
18808
18809
18810
18816
18817
18818
18820
18821
18822
18823
18824
18826
18828
18830
18831
18833
18834
18835
18836
18837
18839
18842
18843
18844
18845
18850
18854
18857
18858
18861
18863
18864
18865
18866
18867
18868
18869
18870
18871
18872
18873
18875
18877
18879
18880
18881
18883
18884
18886
18887
18889
18890
18892
18893
18894
18896
18897
18898
18899
18900
18902
18904
18905
18909
18910
18911
18913
18915
18919
18920
18921
18922
18923
18925
18926
18931
18932
18933
18934
18935
18936
18937
18939
18940
18941
18944
18945
18946
18947
18948
18950
18951
18952
18954
18955
18957
18958
18959
18961
18963
18964
18966
18967
18970
18971
18973
18974
18977
18978
18979
18980
18981
18982
18983
18985
18986
18987
18988
18989
18990
18991
18992
18995
18997
18998
19000
19001
19002
19003
19005
19008
19011
19012
19013
19014
19018
19019
19020
19021
19024
19025
19026
19027
19029
19032
19033
19034
19036
19038
19039
19040
19041
19042
19043
19046
19047
19048
19051
19052
19053
19055
19056
19057
19059
19060
19061
19067
19070
19072
19074
19076
19077
19079
19080
19082
19083
19084
19086
19087
19088
19089
19094
19095
19096
19097
19098
19099
19100
19101
19104
19106
19107
19108
19109
19110
19111
19113
19114
19115
19116
19119
19121
19122
19123
19124
19130
19132
19133
19135
19136
19137
19138
19139
19140
19141
19142
19144
19146
19149
19150
19151
19152
19153
19154
19155
19157
19158
19159
19162
19163
19166
19167
19168
19169
19170
19172
19173
19174
19176
19177
19178
19179
19180
19181
19182
19183
19184
19185
19186
19189
19191
19192
19194
19195
19200
19201
19202
19204
19205
19206
19208
19210
19211
19212
19213
19214
19215
19216
19220
19221
19222
19223
19227
19228
19231
19232
19233
19235
19237
19239
19241
19242
19245
19246
19247
19248
19249
19250
19251
19252
19253
19254
19255
19256
19257
19258
19260
19261
19262
19263
19264
19265
19266
19268
19269
19270
19274
19275
19276
19277
19278
19280
19282
19285
19287
19288
19289
19290
19291
19292
19293
19294
19297
19298
19301
19303
19304
19306
19307
19308
19309
19310
19312
19314
19315
19317
19318
19319
19320
19321
19322
19324
19329
19332
19333
19334
19335
19336
19337
19340
19342
19344
19345
19346
19347
19348
19350
19351
19352
19353
19354
19355
19357
19361
19363
19364
19366
19369
19371
19372
19375
19379
19381
19382
19384
19386
19388
19389
19390
19392
19396
19398
19401
19403
19404
19405
19406
19407
19409
19411
19413
19417
19418
19420
19421
19422
19423
19425
19427
19428
19429
19430
19432
19433
19434
19435
19438
19441
19444
19446
19447
19448
19449
19451
19454
19455
19457
19458
19459
19460
19461
19463
19464
19466
19468
19470
19471
19472
19478
19480
19481
19482
19483
19484
19486
19487
19488
19489
19490
19491
19492
19494
19495
19497
19498
19499
19500
19501
19502
19503
19504
19505
19506
19507
19510
19512
19515
19516
19518
19525
19528
19529
19530
19531
19535
19536
19537
19538
19539
19540
19542
19543
19544
19548
19549
19551
19552
19553
19556
19557
19560
19561
19562
19564
19565
19566
19567
19568
19569
19570
19572
19573
19574
19575
19576
19577
19579
19580
19581
19583
19586
19588
19589
19590
19591
19592
19593
19595
19600
19601
19604
19605
19606
19610
19611
19612
19613
19617
19619
19620
19621
19622
19623
19627
19628
19629
19630
19631
19633
19638
19639
19641
19643
19644
19646
19647
19649
19650
19652
19653
19654
19655
19657
19660
19661
19662
19664
19666
19667
19668
19669
19670
19671
19672
19673
19674
19675
19677
19680
19681
19683
19684
19685
19686
19688
19689
19690
19691
19692
19693
19695
19697
19699
19700
19703
19705
19707
19708
19710
19712
19715
19716
19717
19719
19720
19722
19723
19724
19729
19730
19733
19734
19735
19739
19740
19742
19743
19745
19747
19749
19752
19755
19760
19762
19765
19767
19768
19769
19770
19772
19773
19775
19776
19778
19781
19783
19785
19786
19787
19789
19792
19794
19795
19796
19797
19798
19800
19802
19803
19804
19808
19809
19810
19811
19813
19814
19815
19816
19818
19820
19821
19822
19823
19824
19825
19826
19827
19828
19829
19830
19831
19832
19835
19837
19839
19841
19842
19843
19844
19845
19846
19847
19848
19849
19850
19851
19852
19857
19858
19860
19861
19864
19865
19867
19868
19870
19871
19872
19873
19874
19875
19876
19877
19878
19879
19882
19883
19887
19888
19889
19890
19892
19894
19895
19896
19897
19899
19900
19902
19903
19904
19908
19910
19911
19912
19914
19919
19921
19922
19923
19927
19930
19932
19934
19936
19939
19941
19942
19943
19945
19947
19949
19951
19952
19953
19961
19963
19964
19965
19966
19968
19970
19972
19973
19974
19976
19977
19978
19980
19982
19983
19984
19986
19987
19990
19992
19994
19996
19997
19998
20000
20002
20003
20004
20005
20006
20007
20010
20012
20016
20017
20018
20019
20021
20022
20025
20026
20028
20029
20030
20032
20034
20035
20036
20038
20040
20042
20044
20045
20046
20048
20049
20052
20053
20054
20055
20057
20058
20059
20060
20062
20063
20064
20065
20066
20068
20070
20071
20072
20073
20074
20075
20076
20077
20078
20079
20085
20086
20087
20088
20089
20092
20093
20094
20098
20099
20100
20101
20103
20104
20105
20106
20110
20111
20112
20113
20116
20117
20120
20121
20122
20125
20127
20128
20129
20130
20131
20132
20134
20135
20138
20139
20140
20142
20143
20147
20149
20150
20151
20152
20156
20158
20159
20162
20165
20166
20169
20170
20171
20172
20173
20174
20175
20180
20181
20182
20183
20186
20188
20192
20193
20194
20195
20196
20201
20204
20205
20208
20209
20211
20212
20213
20214
20218
20219
20220
20222
20224
20225
20226
20228
20229
20230
20231
20232
20235
20236
20239
20245
20254
20255
20256
20257
20259
20260
20262
20263
20264
20265
20266
20269
20271
20272
20274
20275
20277
20279
20282
20283
20284
20285
20286
20287
20288
20290
20293
20295
20296
20305
20306
20307
20308
20309
20310
20311
20312
20315
20316
20317
20318
20319
20321
20322
20323
20325
20326
20327
20328
20329
20330
20331
20332
20333
20335
20337
20338
20340
20341
20347
20348
20351
20352
20354
20355
20358
20359
20360
20361
20362
20363
20364
20366
20367
20368
20369
20370
20372
20373
20374
20375
20380
20382
20383
20384
20385
20386
20387
20391
20392
20396
20397
20398
20400
20403
20404
20406
20407
20408
20409
20411
20412
20413
20414
20416
20417
20420
20421
20424
20425
20426
20427
20428
20431
20434
20438
20439
20441
20444
20448
20449
20450
20451
20452
20453
20454
20456
20457
20459
20460
20461
20466
20469
20470
20472
20473
20475
20476
20479
20480
20481
20482
20483
20484
20485
20489
20490
20491
20492
20494
20495
20496
20497
20498
20500
20503
20504
20505
20507
20509
20510
20511
20512
20513
20514
20516
20517
20518
20522
20524
20527
20531
20533
20535
20536
20537
20538
20539
20540
20541
20542
20543
20545
20549
20552
20554
20555
20557
20558
20559
20560
20561
20563
20564
20567
20568
20569
20570
20572
20573
20575
20576
20577
20580
20583
20585
20586
20587
20589
20590
20592
20593
20594
20595
20596
20598
20599
20600
20603
20604
20606
20607
20608
20609
20611
20613
20614
20616
20617
20618
20619
20620
20621
20622
20623
20624
20625
20626
20627
20629
20630
20631
20632
20633
20635
20636
20637
20639
20641
20643
20645
20646
20647
20648
20650
20651
20652
20653
20654
20655
20656
20657
20658
20659
20660
20661
20662
20663
20664
20665
20667
20668
20669
20670
20671
20672
20674
20675
20678
20679
20680
20682
20683
20684
20685
20699
20700
20701
20703
20706
20707
20711
20714
20715
20716
20718
20720
20722
20723
20724
20725
20728
20729
20730
20731
20732
20733
20734
20735
20736
20737
20738
20739
20740
20741
20743
20747
20749
20750
20752
20753
20754
20755
20756
20757
20758
20762
20765
20766
20767
20770
20771
20772
20773
20774
20775
20776
20777
20781
20782
20783
20784
20789
20791
20792
20795
20796
20797
20798
20800
20801
20802
20803
20804
20805
20807
20808
20810
20811
20812
20814
20815
20817
20818
20819
20821
20822
20825
20826
20827
20829
20830
20832
20833
20834
20837
20841
20843
20846
20852
20853
20854
20856
20857
20858
20860
20861
20864
20865
20868
20869
20872
20876
20877
20878
20880
20884
20888
20889
20891
20893
20895
20897
20901
20903
20904
20905
20906
20908
20911
20915
20918
20920
20921
20922
20923
20924
20926
20931
20934
20935
20937
20938
20939
20943
20946
20947
20950
20951
20952
20953
20955
20956
20958
20959
20960
20962
20965
20966
20967
20969
20970
20971
20973
20974
20975
20978
20979
20980
20981
20982
20983
20984
20985
20986
20987
20992
20993
20994
21000
21002
21003
21004
21006
21008
21010
21013
21014
21015
21016
21018
21019
21024
21025
21027
21030
21031
21033
21036
21040
21041
21042
21044
21046
21047
21048
21049
21050
21054
21056
21057
21059
21061
21062
21066
21068
21070
21072
21074
21076
21078
21079
21080
21081
21083
21084
21085
21087
21088
21090
21091
21093
21094
21095
21097
21099
21100
21101
21103
21104
21106
21109
21110
21111
21112
21113
21114
21115
21116
21117
21118
21122
21123
21124
21125
21126
21128
21130
21131
21134
21135
21136
21138
21142
21143
21146
21149
21153
21154
21155
21156
21157
21159
21161
21163
21165
21167
21169
21172
21174
21175
21176
21179
21180
21181
21183
21184
21185
21186
21188
21189
21190
21191
21192
21194
21196
21197
21199
21200
21201
21205
21207
21208
21209
21211
21213
21215
21216
21217
21218
21219
21220
21221
21222
21223
21224
21226
21230
21231
21232
21234
21235
21236
21237
21238
21239
21241
21243
21245
21248
21249
21250
21251
21252
21253
21254
21255
21257
21259
21260
21261
21262
21263
21264
21265
21267
21268
21269
21270
21272
21274
21276
21278
21279
21281
21284
21285
21286
21289
21292
21293
21294
21297
21299
21301
21306
21307
21308
21310
21311
21312
21314
21316
21318
21320
21321
21322
21324
21326
21328
21330
21332
21333
21334
21335
21339
21340
21341
21343
21345
21346
21347
21350
21351
21352
21353
21354
21356
21358
21360
21362
21363
21365
21368
21370
21371
21373
21374
21376
21380
21382
21383
21387
21388
21389
21391
21394
21395
21396
21397
21398
21399
21401
21402
21403
21405
21406
21408
21409
21412
21413
21415
21419
21420
21422
21424
21426
21427
21428
21430
21431
21433
21434
21440
21444
21446
21449
21451
21452
21453
21459
21460
21461
21463
21464
21465
21466
21470
21472
21473
21474
21475
21477
21478
21479
21481
21482
21483
21484
21486
21487
21489
21490
21492
21495
21496
21497
21498
21500
21502
21503
21504
21505
21513
21514
21516
21517
21518
21520
21521
21525
21526
21527
21529
21531
21532
21533
21534
21536
21537
21538
21539
21542
21543
21544
21546
21547
21549
21556
21557
21559
21560
21564
21565
21566
21567
21568
21571
21572
21573
21574
21575
21577
21578
21579
21580
21582
21583
21584
21585
21587
21588
21589
21591
21592
21595
21597
21598
21599
21600
21602
21603
21605
21607
21609
21610
21613
21614
21616
21617
21618
21620
21621
21622
21623
21625
21627
21628
21630
21631
21634
21635
21636
21637
21639
21640
21642
21643
21645
21647
21648
21649
21650
21652
21654
21655
21656
21657
21658
21662
21663
21664
21665
21666
21667
21670
21671
21674
21675
21676
21678
21679
21680
21681
21682
21683
21684
21685
21688
21690
21694
21695
21696
21697
21698
21699
21700
21701
21705
21707
21708
21711
21712
21716
21717
21719
21722
21727
21729
21730
21733
21735
21736
21738
21739
21740
21747
21748
21751
21753
21754
21755
21756
21758
21760
21761
21762
21764
21765
21766
21767
21769
21772
21773
21774
21775
21779
21780
21784
21786
21789
21792
21794
21798
21799
21800
21801
21803
21804
21808
21809
21812
21814
21815
21816
21817
21818
21819
21821
21823
21825
21826
21828
21831
21832
21835
21838
21844
21845
21846
21849
21850
21851
21853
21857
21860
21861
21863
21867
21869
21870
21871
21873
21874
21875
21876
21877
21879
21880
21883
21884
21885
21887
21891
21892
21893
21896
21897
21898
21900
21901
21902
21903
21904
21905
21909
21910
21912
21914
21916
21917
21921
21924
21926
21927
21928
21929
21931
21933
21935
21938
21939
21940
21941
21943
21947
21948
21949
21953
21955
21958
21959
21960
21961
21965
21966
21968
21970
21971
21972
21973
21974
21977
21979
21983
21984
21985
21988
21990
21992
21993
21994
21995
21997
21998
21999
22000
22001
22002
22003
22005
22006
22008
22013
22014
22015
22016
22017
22020
22021
22022
22023
22026
22027
22028
22030
22031
22032
22033
22035
22036
22037
22038
22039
22041
22043
22044
22045
22048
22049
22050
22052
22053
22054
22056
22057
22059
22060
22062
22063
22064
22070
22071
22077
22081
22082
22084
22088
22089
22090
22091
22093
22094
22095
22096
22097
22098
22101
22102
22103
22104
22105
22106
22107
22108
22109
22112
22113
22115
22116
22120
22121
22125
22126
22127
22128
22131
22132
22133
22134
22135
22136
22139
22142
22143
22144
22145
22147
22149
22150
22151
22152
22156
22157
22158
22162
22164
22166
22168
22173
22175
22176
22177
22180
22182
22183
22184
22185
22186
22187
22188
22191
22193
22194
22195
22196
22197
22200
22203
22205
22207
22208
22211
22212
22217
22218
22219
22222
22223
22225
22230
22231
22232
22233
22235
22236
22238
22240
22241
22242
22244
22246
22247
22249
22250
22251
22252
22255
22257
22258
22262
22263
22265
22266
22267
22268
22270
22272
22273
22275
22276
22277
22283
22284
22285
22289
22290
22291
22292
22293
22294
22295
22299
22300
22301
22302
22305
22308
22312
22313
22315
22316
22317
22319
22320
22321
22322
22324
22325
22327
22328
22330
22332
22333
22334
22335
22336
22338
22339
22341
22343
22347
22348
22349
22351
22353
22356
22358
22359
22360
22362
22365
22367
22369
22371
22372
22373
22374
22375
22378
22379
22380
22382
22384
22385
22386
22387
22392
22394
22395
22396
22399
22400
22402
22405
22407
22408
22409
22411
22412
22413
22416
22417
22419
22423
22424
22425
22426
22427
22428
22430
22431
22433
22434
22437
22439
22440
22441
22442
22443
22444
22445
22446
22447
22448
22449
22450
22451
22452
22455
22456
22458
22460
22461
22463
22464
22465
22466
22468
22469
22471
22472
22474
22476
22477
22480
22481
22482
22484
22485
22486
22493
22494
22495
22496
22497
22498
22499
22501
22502
22503
22506
22509
22510
22511
22512
22513
22514
22515
22516
22518
22521
22523
22524
22525
22527
22528
22530
22531
22532
22533
22534
22537
22540
22541
22544
22545
22546
22550
22551
22552
22555
22556
22557
22558
22559
22561
22562
22563
22564
22565
22567
22569
22570
22572
22573
22574
22576
22578
22581
22583
22584
22585
22586
22587
22588
22589
22590
22591
22593
22594
22595
22596
22597
22598
22599
22600
22602
22605
22606
22608
22610
22615
22619
22621
22622
22624
22625
22627
22629
22630
22631
22632
22633
22634
22635
22636
22637
22641
22643
22644
22649
22651
22654
22656
22659
22660
22661
22662
22663
22664
22666
22668
22669
22670
22672
22673
22676
22677
22678
22679
22682
22686
22687
22689
22690
22695
22696
22699
22700
22702
22703
22707
22708
22709
22710
22711
22714
22715
22717
22718
22721
22723
22725
22729
22730
22731
22732
22735
22736
22737
22738
22741
22743
22744
22746
22747
22749
22755
22756
22757
22758
22759
22761
22762
22763
22764
22765
22767
22768
22770
22771
22773
22774
22777
22778
22779
22782
22784
22787
22789
22790
22792
22793
22794
22799
22800
22802
22806
22809
22811
22812
22814
22815
22816
22817
22819
22821
22822
22823
22824
22825
22827
22829
22830
22833
22834
22835
22838
22839
22840
22841
22842
22846
22847
22854
22855
22857
22858
22860
22863
22864
22865
22866
22867
22868
22869
22871
22873
22875
22879
22880
22881
22882
22885
22887
22888
22889
22890
22891
22892
22897
22898
22900
22901
22903
22904
22905
22906
22907
22908
22909
22910
22911
22912
22914
22916
22918
22920
22921
22922
22924
22926
22927
22928
22929
22930
22931
22933
22934
22935
22937
22940
22941
22943
22947
22948
22952
22955
22956
22957
22958
22960
22962
22967
22968
22969
22970
22973
22974
22977
22978
22979
22980
22982
22983
22984
22985
22987
22988
22991
22992
22993
22994
22996
22997
22999
23000
23003
23004
23007
23008
23009
23010
23011
23014
23015
23016
23017
23021
23022
23023
23024
23027
23028
23030
23032
23033
23036
23037
23038
23040
23041
23043
23044
23045
23046
23047
23048
23049
23050
23057
23059
23061
23064
23065
23066
23067
23070
23074
23075
23076
23077
23079
23080
23081
23082
23083
23084
23085
23086
23088
23092
23094
23095
23097
23098
23099
23102
23103
23104
23107
23109
23111
23113
23116
23117
23120
23122
23123
23128
23129
23133
23134
23135
23136
23139
23140
23141
23142
23143
23145
23146
23150
23152
23153
23154
23155
23156
23157
23158
23159
23160
23163
23164
23165
23166
23167
23168
23170
23171
23172
23173
23174
23177
23178
23183
23184
23185
23187
23190
23191
23194
23195
23197
23198
23199
23201
23202
23204
23205
23206
23207
23208
23209
23210
23211
23213
23214
23215
23218
23220
23221
23222
23223
23225
23226
23227
23229
23230
23235
23237
23238
23240
23242
23243
23245
23246
23249
23250
23251
23252
23254
23255
23259
23260
23263
23264
23267
23268
23269
23270
23271
23272
23275
23278
23279
23280
23281
23283
23284
23285
23286
23287
23288
23289
23291
23293
23294
23295
23297
23298
23299
23302
23304
23307
23308
23310
23311
23312
23314
23315
23316
23320
23325
23326
23327
23329
23330
23331
23336
23338
23339
23341
23343
23344
23347
23351
23352
23353
23354
23357
23358
23359
23360
23364
23371
23372
23373
23374
23377
23378
23379
23380
23383
23384
23386
23389
23394
23396
23397
23398
23402
23409
23410
23412
23414
23417
23419
23423
23424
23425
23428
23429
23431
23432
23434
23435
23437
23438
23439
23442
23443
23444
23446
23448
23449
23450
23451
23452
23459
23466
23469
23470
23471
23473
23474
23475
23478
23479
23480
23481
23482
23483
23484
23485
23487
23493
23495
23497
23498
23501
23502
23503
23507
23508
23512
23513
23515
23516
23517
23520
23521
23522
23525
23526
23531
23532
23533
23535
23536
23538
23540
23542
23543
23544
23547
23549
23553
23554
23556
23557
23560
23562
23563
23568
23570
23571
23572
23573
23576
23579
23580
23584
23585
23586
23587
23588
23592
23593
23595
23597
23598
23600
23602
23604
23605
23606
23608
23609
23611
23614
23615
23616
23617
23618
23619
23620
23622
23626
23629
23630
23631
23632
23636
23637
23638
23639
23640
23641
23644
23645
23648
23649
23650
23652
23653
23655
23657
23662
23665
23668
23672
23673
23674
23676
23677
23678
23679
23680
23681
23683
23684
23686
23691
23692
23693
23695
23696
23697
23698
23700
23702
23705
23706
23708
23709
23716
23717
23719
23720
23721
23723
23725
23726
23727
23728
23729
23730
23731
23734
23735
23736
23737
23738
23739
23740
23741
23743
23746
23748
23749
23751
23752
23753
23755
23756
23757
23758
23759
23760
23762
23767
23768
23769
23770
23772
23773
23774
23775
23776
23778
23779
23783
23784
23785
23786
23787
23789
23790
23791
23793
23795
23796
23799
23802
23803
23804
23809
23810
23812
23814
23816
23819
23820
23823
23825
23827
23832
23833
23834
23835
23836
23837
23838
23839
23841
23842
23845
23846
23848
23850
23851
23853
23855
23856
23857
23859
23861
23864
23868
23870
23872
23873
23874
23875
23877
23879
23880
23883
23886
23890
23891
23893
23895
23897
23898
23900
23901
23903
23907
23909
23910
23911
23912
23913
23915
23918
23920
23922
23925
23926
23927
23928
23929
23930
23934
23936
23937
23938
23940
23941
23944
23945
23949
23950
23951
23952
23953
23956
23957
23958
23959
23961
23962
23963
23964
23965
23967
23973
23975
23977
23978
23980
23982
23985
23987
23991
23994
23996
23999
24001
24003
24005
24007
24009
24010
24013
24014
24015
24016
24017
24019
24022
24023
24024
24026
24027
24028
24029
24030
24033
24034
24035
24036
24037
24038
24039
24041
24044
24046
24047
24049
24050
24051
24052
24053
24054
24056
24057
24059
24060
24062
24064
24065
24066
24069
24072
24074
24076
24078
24080
24081
24084
24086
24090
24091
24092
24093
24094
24095
24096
24098
24101
24102
24106
24110
24112
24113
24115
24116
24117
24118
24120
24123
24124
24125
24126
24127
24129
24133
24137
24138
24139
24140
24141
24142
24143
24146
24147
24148
24149
24150
24151
24156
24157
24160
24161
24163
24164
24165
24167
24170
24171
24173
24174
24175
24177
24179
24180
24183
24184
24186
24188
24189
24191
24193
24194
24195
24197
24199
24200
24203
24204
24206
24207
24209
24210
24214
24215
24217
24220
24223
24224
24225
24226
24227
24228
24230
24231
24233
24234
24235
24236
24237
24238
24239
24240
24241
24242
24244
24246
24249
24250
24251
24254
24255
24257
24261
24263
24264
24265
24266
24267
24268
24269
24270
24272
24274
24275
24276
24277
24278
24279
24282
24283
24284
24285
24288
24289
24290
24293
24296
24297
24298
24300
24301
24302
24303
24304
24307
24308
24309
24313
24314
24315
24316
24318
24319
24320
24321
24322
24323
24324
24328
24331
24332
24333
24334
24336
24339
24340
24342
24343
24344
24345
24347
24349
24350
24352
24353
24354
24355
24357
24358
24360
24363
24365
24366
24367
24369
24370
24373
24374
24378
24379
24380
24381
24382
24383
24384
24385
24386
24387
24388
24389
24391
24392
24393
24395
24396
24397
24399
24401
24402
24403
24405
24408
24409
24414
24416
24418
24419
24420
24423
24424
24425
24427
24429
24430
24434
24435
24437
24439
24441
24443
24445
24446
24447
24448
24455
24456
24458
24459
24460
24461
24463
24464
24466
24468
24469
24471
24475
24477
24479
24480
24481
24482
24483
24484
24485
24487
24489
24490
24491
24493
24495
24496
24497
24499
24500
24501
24502
24504
24507
24508
24509
24510
24512
24513
24515
24517
24518
24520
24521
24522
24523
24525
24526
24528
24529
24530
24531
24537
24542
24543
24544
24545
24546
24547
24549
24550
24552
24554
24556
24557
24559
24560
24561
24562
24564
24566
24568
24569
24571
24572
24574
24577
24578
24579
24580
24581
24582
24583
24585
24587
24589
24590
24592
24593
24595
24596
24598
24599
24600
24601
24602
24603
24606
24608
24609
24610
24616
24617
24619
24621
24624
24634
24635
24636
24637
24638
24639
24642
24643
24646
24647
24649
24651
24652
24655
24656
24657
24660
24661
24662
24665
24666
24670
24671
24674
24677
24678
24679
24681
24684
24685
24687
24689
24691
24692
24693
24694
24695
24698
24699
24701
24703
24708
24712
24714
24715
24716
24717
24719
24721
24722
24723
24724
24725
24729
24731
24733
24734
24738
24740
24746
24751
24752
24755
24758
24759
24760
24762
24765
24770
24772
24773
24776
24778
24779
24780
24781
24782
24783
24784
24785
24787
24788
24790
24792
24793
24795
24797
24801
24802
24806
24809
24813
24815
24816
24820
24822
24824
24826
24827
24828
24830
24831
24832
24834
24836
24837
24838
24839
24841
24842
24843
24844
24845
24846
24847
24850
24855
24856
24860
24862
24863
24865
24866
24867
24868
24869
24871
24875
24876
24879
24880
24882
24883
24886
24890
24891
24892
24897
24899
24901
24903
24909
24911
24915
24917
24918
24919
24921
24924
24927
24928
24929
24934
24935
24936
24939
24942
24943
24944
24946
24947
24951
24956
24958
24959
24962
24963
24964
24966
24967
24968
24969
24972
24974
24975
24979
24980
24982
24983
24985
24986
24987
24989
24990
24991
24992
24993
24995
24997
24998
25001
25003
25005
25006
25009
25010
25012
25014
25015
25017
25018
25019
25020
25025
25026
25027
25029
25033
25034
25035
25037
25038
25039
25040
25042
25043
25044
25045
25047
25050
25052
25053
25054
25055
25057
25058
25060
25062
25063
25064
25066
25068
25070
25074
25075
25076
25080
25082
25083
25085
25089
25091
25092
25093
25095
25099
25105
25106
25108
25109
25111
25112
25113
25115
25117
25118
25119
25124
25127
25128
25129
25130
25133
25134
25138
25144
25146
25147
25148
25149
25152
25153
25155
25157
25158
25161
25162
25163
25164
25165
25170
25171
25173
25174
25177
25178
25180
25181
25182
25183
25186
25192
25193
25194
25197
25198
25200
25201
25202
25204
25206
25207
25208
25211
25212
25213
25215
25216
25219
25220
25221
25223
25224
25227
25228
25229
25230
25231
25233
25234
25237
25241
25243
25244
25245
25249
25250
25251
25252
25253
25255
25256
25257
25258
25259
25261
25262
25264
25265
25270
25271
25273
25274
25276
25277
25278
25279
25280
25281
25282
25283
25284
25285
25286
25291
25292
25293
25296
25297
25300
25303
25304
25305
25306
25307
25309
25311
25312
25313
25315
25316
25320
25322
25323
25325
25326
25328
25329
25331
25332
25333
25334
25336
25337
25339
25340
25342
25343
25344
25347
25348
25349
25351
25353
25354
25357
25358
25360
25363
25364
25366
25367
25368
25372
25374
25375
25376
25377
25378
25379
25382
25385
25387
25388
25389
25391
25392
25393
25397
25398
25399
25400
25406
25407
25410
25411
25414
25416
25417
25419
25420
25422
25423
25424
25425
25427
25429
25430
25432
25433
25434
25437
25438
25439
25440
25442
25446
25450
25451
25456
25457
25458
25459
25460
25462
25464
25465
25466
25467
25468
25469
25471
25472
25475
25476
25478
25479
25480
25483
25485
25487
25490
25493
25498
25499
25500
25502
25503
25504
25507
25509
25510
25513
25514
25516
25517
25518
25519
25521
25522
25524
25525
25526
25527
25530
25531
25532
25534
25535
25536
25540
25542
25543
25544
25545
25547
25548
25550
25551
25552
25553
25555
25556
25557
25559
25562
25563
25565
25566
25567
25568
25569
25570
25571
25573
25576
25577
25580
25581
25582
25584
25585
25586
25587
25588
25590
25591
25592
25593
25598
25600
25602
25605
25611
25615
25618
25620
25621
25624
25626
25627
25628
25630
25632
25633
25635
25637
25638
25641
25642
25643
25644
25646
25652
25654
25655
25656
25658
25659
25660
25661
25662
25663
25665
25666
25670
25672
25674
25676
25677
25678
25679
25680
25681
25682
25685
25686
25689
25690
25692
25693
25694
25696
25697
25699
25701
25703
25704
25705
25707
25708
25710
25714
25715
25717
25719
25720
25721
25722
25723
25724
25725
25726
25728
25729
25730
25736
25737
25738
25739
25742
25744
25749
25750
25751
25752
25754
25761
25763
25766
25768
25770
25771
25773
25774
25775
25776
25778
25780
25786
25788
25790
25791
25792
25793
25794
25795
25798
25800
25801
25804
25807
25808
25809
25812
25816
25817
25819
25821
25822
25823
25826
25827
25831
25832
25837
25839
25841
25844
25847
25848
25849
25852
25854
25856
25858
25860
25862
25863
25864
25865
25866
25868
25869
25872
25875
25876
25878
25880
25881
25882
25883
25885
25887
25888
25891
25892
25895
25896
25897
25898
25899
25900
25901
25902
25903
25905
25907
25909
25910
25911
25912
25913
25914
25916
25917
25918
25919
25920
25922
25923
25924
25929
25930
25931
25932
25933
25935
25936
25939
25941
25944
25945
25946
25948
25949
25951
25953
25954
25958
25959
25961
25962
25965
25969
25970
25971
25972
25974
25977
25979
25984
25986
25988
25989
25990
25991
25993
25996
25997
26001
26003
26004
26005
26006
26007
26008
26009
26010
26012
26013
26015
26019
26020
26022
26023
26024
26025
26026
26027
26029
26031
26032
26033
26034
26035
26038
26042
26043
26044
26045
26047
26049
26052
26054
26055
26056
26061
26062
26063
26065
26068
26070
26072
26073
26074
26075
26079
26080
26084
26087
26088
26089
26093
26094
26096
26097
26099
26103
26104
26107
26108
26110
26111
26112
26115
26119
26120
26124
26126
26127
26128
26129
26131
26132
26135
26137
26144
26148
26151
26152
26153
26155
26156
26157
26158
26159
26160
26162
26163
26164
26167
26168
26170
26173
26178
26180
26182
26183
26184
26189
26190
26192
26193
26194
26196
26201
26203
26205
26207
26208
26209
26211
26215
26216
26217
26219
26222
26223
26224
26225
26226
26227
26228
26230
26235
26236
26239
26241
26242
26243
26247
26248
26251
26252
26254
26257
26259
26260
26261
26262
26263
26264
26265
26266
26267
26270
26271
26275
26277
26281
26286
26287
26288
26289
26290
26292
26293
26295
26298
26299
26300
26302
26303
26304
26305
26306
26307
26308
26310
26312
26314
26316
26317
26320
26321
26323
26324
26334
26336
26338
26339
26341
26343
26344
26346
26347
26348
26349
26350
26351
26352
26353
26354
26355
26357
26358
26359
26360
26362
26365
26370
26373
26375
26380
26381
26382
26383
26384
26385
26386
26387
26388
26389
26390
26392
26395
26396
26397
26398
26401
26403
26404
26405
26407
26408
26410
26412
26415
26418
26421
26422
26427
26429
26431
26432
26433
26437
26439
26440
26442
26443
26444
26445
26451
26453
26454
26455
26458
26463
26466
26469
26471
26472
26475
26477
26482
26483
26484
26485
26486
26487
26488
26492
26493
26496
26498
26500
26502
26503
26504
26506
26508
26510
26513
26514
26515
26516
26517
26519
26521
26523
26524
26525
26526
26527
26530
26532
26535
26536
26539
26540
26541
26542
26543
26544
26547
26548
26549
26550
26554
26555
26558
26561
26564
26565
26567
26569
26570
26573
26575
26576
26578
26579
26581
26582
26584
26586
26588
26590
26591
26592
26595
26596
26597
26599
26600
26601
26604
26605
26606
26608
26609
26610
26611
26612
26613
26616
26617
26618
26619
26620
26622
26629
26630
26631
26634
26635
26637
26640
26641
26642
26644
26646
26647
26648
26649
26651
26653
26654
26655
26656
26659
26661
26666
26667
26670
26671
26672
26676
26677
26678
26679
26681
26683
26684
26687
26688
26689
26691
26694
26696
26699
26701
26702
26703
26706
26707
26709
26710
26711
26713
26714
26716
26717
26729
26731
26733
26734
26737
26740
26742
26746
26747
26748
26750
26753
26754
26756
26760
26762
26763
26767
26768
26770
26773
26774
26775
26779
26782
26783
26784
26785
26786
26788
26789
26791
26792
26793
26796
26799
26801
26802
26804
26805
26806
26807
26808
26811
26812
26814
26815
26816
26817
26818
26820
26822
26823
26824
26825
26829
26832
26833
26837
26838
26841
26842
26843
26845
26846
26847
26849
26850
26857
26858
26859
26860
26861
26863
26864
26865
26872
26878
26880
26881
26882
26884
26886
26887
26893
26895
26896
26897
26898
26899
26900
26901
26905
26907
26910
26912
26915
26916
26920
26921
26922
26924
26925
26926
26927
26929
26930
26931
26932
26934
26937
26939
26940
26941
26943
26944
26946
26949
26950
26952
26953
26954
26955
26956
26957
26961
26963
26964
26965
26967
26969
26970
26973
26974
26975
26976
26977
26978
26981
26982
26984
26985
26987
26988
26989
26990
26992
26994
26996
26997
26998
27000
27002
27003
27005
27006
27007
27011
27012
27016
27017
27019
27020
27023
27024
27025
27027
27028
27030
27031
27032
27033
27034
27035
27036
27041
27043
27044
27045
27047
27049
27050
27051
27053
27054
27055
27056
27059
27060
27062
27063
27064
27065
27067
27069
27070
27073
27078
27079
27082
27083
27085
27086
27087
27088
27089
27090
27092
27094
27095
27097
27100
27101
27102
27104
27106
27109
27110
27114
27116
27117
27118
27119
27120
27121
27122
27123
27124
27127
27129
27130
27132
27133
27134
27136
27137
27138
27140
27141
27142
27151
27152
27155
27156
27158
27159
27160
27161
27162
27163
27164
27165
27167
27168
27172
27173
27174
27175
27177
27179
27180
27181
27183
27184
27187
27189
27190
27193
27194
27198
27201
27202
27203
27204
27205
27206
27210
27212
27213
27218
27219
27221
27222
27224
27225
27226
27227
27228
27230
27233
27237
27243
27245
27247
27248
27253
27254
27256
27258
27259
27262
27264
27266
27267
27271
27277
27282
27285
27286
27287
27289
27290
27292
27293
27295
27296
27298
27300
27301
27304
27306
27312
27314
27315
27316
27317
27318
27320
27322
27323
27324
27325
27327
27334
27335
27336
27337
27339
27344
27345
27350
27351
27354
27355
27356
27358
27365
27367
27370
27372
27373
27374
27375
27379
27381
27382
27388
27389
27390
27392
27393
27394
27396
27398
27400
27402
27405
27406
27410
27412
27413
27415
27416
27419
27422
27425
27427
27428
27430
27435
27436
27437
27442
27443
27445
27446
27447
27449
27450
27451
27452
27458
27462
27463
27465
27466
27467
27469
27470
27475
27477
27478
27480
27481
27482
27483
27484
27486
27488
27489
27490
27491
27492
27494
27498
27499
27500
27502
27503
27507
27509
27510
27514
27516
27517
27518
27519
27520
27521
27522
27523
27526
27529
27530
27531
27532
27533
27534
27535
27536
27537
27538
27539
27545
27546
27548
27549
27550
27551
27555
27558
27559
27560
27562
27565
27566
27567
27568
27570
27571
27572
27583
27584
27586
27588
27590
27591
27593
27595
27597
27600
27601
27602
27607
27609
27610
27611
27612
27614
27618
27619
27622
27624
27625
27626
27629
27630
27632
27636
27638
27639
27640
27641
27642
27643
27645
27646
27647
27649
27650
27651
27652
27653
27654
27656
27657
27658
27661
27662
27664
27666
27668
27669
27671
27672
27674
27675
27676
27678
27680
27681
27685
27686
27687
27690
27692
27693
27695
27700
27701
27703
27704
27706
27707
27710
27712
27713
27714
27718
27721
27723
27724
27726
27727
27730
27732
27734
27735
27736
27740
27742
27743
27744
27745
27746
27747
27748
27749
27751
27754
27756
27757
27759
27760
27763
27764
27768
27769
27771
27775
27776
27777
27778
27779
27780
27781
27782
27784
27786
27788
27790
27795
27796
27797
27798
27803
27805
27809
27811
27812
27817
27819
27820
27821
27822
27823
27824
27825
27826
27827
27833
27836
27837
27838
27840
27841
27844
27845
27848
27849
27852
27853
27857
27858
27863
27864
27868
27869
27871
27873
27878
27879
27881
27882
27884
27885
27889
27890
27891
27893
27895
27897
27899
27900
27902
27904
27905
27906
27908
27909
27910
27912
27913
27916
27917
27918
27920
27921
27923
27924
27927
27928
27929
27930
27931
27932
27934
27935
27936
27942
27944
27945
27946
27949
27950
27956
27957
27958
27959
27964
27965
27967
27968
27969
27971
27974
27976
27978
27980
27982
27984
27986
27987
27988
27989
27990
27991
27995
27996
27997
27998
28001
28005
28007
28008
28012
28014
28016
28019
28022
28024
28026
28028
28031
28032
28034
28036
28037
28041
28043
28044
28048
28049
28051
28052
28053
28054
28055
28056
28057
28058
28060
28064
28068
28069
28071
28072
28073
28075
28076
28077
28078
28079
28082
28083
28085
28086
28087
28089
28090
28091
28092
28094
28097
28098
28101
28103
28104
28105
28107
28109
28111
28115
28118
28119
28120
28121
28122
28124
28125
28128
28133
28135
28137
28140
28141
28142
28147
28149
28150
28151
28152
28154
28155
28158
28161
28162
28163
28169
28170
28173
28174
28177
28180
28183
28184
28186
28187
28188
28189
28191
28192
28193
28196
28197
28198
28201
28203
28206
28211
28215
28216
28217
28218
28222
28223
28224
28226
28227
28228
28232
28237
28238
28240
28241
28244
28245
28246
28248
28250
28253
28254
28258
28259
28260
28261
28263
28266
28267
28268
28271
28272
28274
28276
28278
28279
28280
28282
28283
28285
28286
28288
28291
28292
28293
28296
28298
28299
28300
28301
28302
28304
28305
28306
28308
28309
28311
28312
28314
28315
28320
28321
28323
28329
28330
28331
28336
28342
28346
28347
28350
28352
28358
28359
28365
28370
28371
28372
28375
28377
28378
28380
28382
28384
28387
28390
28391
28393
28394
28396
28397
28400
28402
28403
28404
28405
28406
28407
28408
28409
28412
28413
28414
28417
28421
28425
28428
28430
28432
28436
28439
28440
28442
28443
28445
28450
28457
28458
28459
28464
28465
28466
28467
28468
28470
28471
28473
28475
28476
28477
28484
28486
28487
28488
28493
28494
28495
28496
28497
28498
28502
28503
28504
28505
28506
28509
28510
28514
28515
28519
28520
28522
28523
28526
28528
28530
28532
28535
28536
28537
28538
28539
28545
28546
28547
28550
28552
28554
28555
28556
28557
28559
28560
28561
28562
28563
28564
28565
28566
28568
28569
28571
28573
28574
28575
28579
28580
28586
28587
28588
28589
28592
28593
28594
28595
28598
28599
28601
28602
28603
28604
28605
28606
28607
28608
28609
28618
28619
28620
28621
28622
28623
28626
28628
28629
28632
28633
28636
28637
28638
28639
28641
28644
28645
28647
28649
28650
28651
28653
28655
28658
28659
28662
28663
28665
28666
28671
28673
28674
28677
28678
28679
28684
28685
28686
28687
28689
28690
28692
28694
28695
28699
28701
28704
28705
28707
28708
28709
28712
28721
28722
28726
28727
28728
28729
28730
28731
28732
28733
28736
28738
28739
28741
28744
28746
28750
28751
28753
28754
28756
28758
28759
28760
28761
28762
28763
28765
28766
28767
28768
28769
28772
28774
28776
28778
28782
28783
28784
28786
28789
28790
28792
28793
28795
28796
28797
28799
28803
28808
28809
28810
28811
28812
28816
28817
28819
28829
28833
28835
28836
28838
28840
28843
28844
28846
28849
28853
28854
28855
28856
28857
28864
28868
28873
28876
28880
28883
28885
28886
28891
28892
28893
28894
28895
28896
28899
28900
28901
28904
28905
28906
28908
28909
28910
28911
28913
28915
28917
28920
28921
28924
28926
28928
28932
28933
28935
28940
28941
28942
28943
28945
28946
28949
28950
28953
28954
28955
28956
28958
28960
28961
28962
28964
28966
28969
28971
28972
28973
28974
28976
28979
28985
28987
28988
28990
28991
28992
28994
28996
28999
29000
29001
29002
29003
29004
29005
29006
29007
29008
29010
29013
29014
29015
29016
29017
29018
29020
29022
29023
29025
29026
29032
29033
29037
29039
29040
29041
29042
29043
29044
29046
29047
29048
29050
29051
29053
29055
29056
29057
29058
29062
29063
29064
29067
29068
29069
29071
29072
29077
29080
29081
29082
29085
29089
29091
29093
29094
29097
29100
29101
29102
29104
29105
29108
29109
29113
29114
29115
29116
29121
29122
29123
29125
29128
29129
29130
29131
29133
29134
29140
29141
29142
29144
29145
29146
29148
29149
29152
29154
29155
29158
29161
29162
29166
29168
29169
29170
29171
29172
29174
29176
29177
29178
29187
29188
29190
29191
29192
29193
29199
29201
29202
29203
29204
29206
29208
29209
29211
29213
29214
29215
29216
29219
29220
29221
29222
29223
29231
29233
29234
29236
29238
29242
29243
29245
29246
29247
29249
29254
29256
29257
29259
29260
29261
29262
29265
29267
29268
29269
29270
29274
29275
29280
29283
29284
29288
29292
29294
29295
29296
29298
29299
29301
29303
29306
29308
29309
29310
29314
29315
29316
29317
29318
29320
29321
29322
29324
29328
29329
29331
29334
29336
29337
29341
29344
29346
29347
29349
29350
29351
29353
29356
29358
29360
29363
29364
29367
29368
29370
29371
29375
29377
29378
29379
29380
29381
29382
29384
29385
29387
29389
29391
29393
29394
29395
29396
29397
29403
29404
29408
29409
29412
29413
29414
29415
29420
29422
29424
29426
29428
29429
29430
29435
29436
29437
29438
29439
29440
29441
29442
29445
29446
29447
29449
29451
29452
29454
29455
29456
29457
29458
29459
29461
29463
29465
29466
29469
29471
29472
29477
29478
29482
29487
29491
29492
29493
29494
29496
29500
29501
29503
29505
29507
29508
29510
29512
29528
29529
29532
29533
29535
29537
29539
29540
29541
29542
29543
29545
29547
29548
29549
29550
29551
29553
29554
29557
29559
29560
29563
29564
29566
29567
29569
29573
29575
29577
29579
29581
29582
29586
29587
29588
29591
29592
29593
29594
29596
29597
29598
29601
29602
29606
29607
29608
29611
29612
29615
29616
29617
29618
29619
29620
29621
29622
29623
29625
29627
29629
29634
29635
29636
29638
29639
29640
29642
29643
29647
29648
29650
29652
29653
29655
29656
29659
29660
29663
29664
29666
29667
29672
29678
29681
29682
29683
29684
29685
29687
29688
29689
29691
29693
29694
29695
29697
29698
29699
29701
29707
29709
29711
29712
29713
29714
29715
29717
29719
29720
29721
29727
29728
29729
29730
29732
29735
29739
29740
29748
29749
29752
29753
29758
29760
29761
29762
29763
29764
29767
29768
29769
29772
29774
29776
29777
29778
29780
29781
29783
29784
29786
29787
29789
29793
29796
29797
29799
29803
29804
29805
29806
29809
29812
29815
29819
29821
29822
29823
29824
29826
29828
29829
29831
29833
29835
29838
29842
29843
29844
29845
29847
29851
29853
29854
29856
29858
29859
29860
29861
29865
29868
29873
29875
29877
29878
29880
29881
29884
29885
29887
29889
29890
29892
29893
29895
29896
29899
29900
29902
29903
29904
29906
29908
29910
29911
29912
29913
29914
29916
29918
29919
29921
29922
29925
29926
29933
29934
29935
29936
29938
29939
29940
29951
29952
29955
29961
29962
29963
29965
29966
29971
29973
29975
29976
29977
29978
29979
29980
29982
29983
29985
29986
29988
29989
29991
29993
29995
29997
29998
30003
30004
30008
30009
30016
30017
30018
30020
30021
30023
30027
30029
30030
30033
30034
30035
30036
30037
30038
30039
30040
30042
30043
30044
30047
30051
30053
30054
30056
30057
30058
30060
30062
30064
30065
30067
30068
30069
30070
30071
30076
30079
30081
30084
30087
30090
30092
30096
30097
30098
30101
30104
30106
30108
30112
30113
30114
30116
30117
30118
30119
30120
30121
30124
30125
30126
30127
30128
30129
30132
30135
30136
30137
30141
30143
30146
30147
30149
30150
30152
30153
30155
30157
30158
30164
30165
30167
30173
30174
30177
30179
30182
30183
30184
30191
30192
30195
30197
30199
30200
30203
30205
30207
30210
30211
30212
30214
30217
30219
30220
30221
30222
30223
30224
30226
30227
30228
30232
30233
30235
30238
30239
30242
30243
30245
30246
30247
30251
30253
30255
30258
30260
30261
30262
30265
30267
30269
30270
30273
30274
30276
30278
30280
30282
30284
30285
30287
30289
30290
30292
30293
30295
30296
30299
30308
30310
30313
30314
30315
30317
30318
30323
30326
30328
30329
30330
30331
30332
30333
30334
30335
30337
30338
30340
30351
30353
30354
30355
30357
30362
30363
30365
30366
30367
30369
30370
30371
30373
30374
30375
30376
30377
30378
30381
30382
30385
30386
30389
30391
30393
30394
30396
30398
30403
30404
30405
30407
30408
30411
30412
30415
30416
30417
30418
30420
30422
30424
30425
30427
30429
30431
30433
30436
30437
30439
30441
30442
30444
30446
30449
30453
30455
30456
30457
30458
30459
30462
30463
30466
30467
30470
30471
30472
30473
30474
30477
30479
30481
30483
30486
30488
30489
30490
30491
30494
30495
30497
30499
30501
30503
30505
30506
30509
30510
30512
30515
30516
30517
30520
30521
30523
30525
30527
30530
30535
30537
30538
30539
30541
30542
30543
30550
30551
30553
30557
30558
30559
30564
30565
30567
30569
30571
30573
30575
30576
30579
30580
30581
30586
30587
30590
30591
30592
30593
30594
30595
30596
30599
30600
30603
30604
30606
30607
30610
30614
30615
30618
30619
30622
30623
30626
30628
30630
30632
30637
30640
30641
30644
30647
30649
30650
30651
30653
30655
30656
30658
30662
30665
30666
30667
30672
30673
30674
30675
30678
30679
30680
30683
30684
30686
30687
30691
30692
30693
30694
30697
30699
30700
30701
30702
30703
30705
30707
30709
30713
30715
30716
30717
30718
30719
30722
30723
30724
30728
30729
30730
30731
30732
30733
30738
30740
30742
30743
30744
30745
30746
30749
30750
30753
30755
30760
30761
30762
30763
30764
30765
30768
30771
30772
30773
30777
30778
30779
30782
30784
30786
30787
30788
30790
30792
30793
30794
30795
30797
30799
30800
30801
30805
30809
30810
30813
30814
30815
30817
30818
30819
30825
30828
30832
30834
30835
30836
30839
30843
30850
30851
30852
30854
30855
30859
30860
30861
30862
30863
30864
30866
30869
30870
30871
30872
30874
30875
30876
30879
30880
30881
30882
30885
30887
30890
30891
30893
30894
30897
30898
30899
30901
30902
30903
30904
30905
30907
30909
30911
30912
30915
30916
30917
30918
30931
30932
30933
30935
30939
30941
30942
30945
30946
30949
30953
30955
30957
30958
30960
30961
30962
30965
30966
30971
30973
30976
30977
30979
30980
30982
30987
30991
30993
30994
30995
30996
31000
31001
31003
31004
31005
31006
31007
31008
31009
31010
31012
31013
31015
31016
31018
31022
31023
31027
31028
31032
31037
31038
31039
31040
31041
31042
31043
31049
31051
31052
31054
31056
31058
31059
31062
31063
31064
31065
31071
31073
31075
31076
31078
31079
31081
31083
31084
31087
31088
31090
31092
31093
31096
31097
31098
31100
31101
31103
31104
31105
31107
31108
31111
31114
31117
31118
31119
31126
31127
31128
31130
31133
31135
31136
31138
31141
31142
31143
31144
31146
31147
31151
31152
31153
31154
31155
31158
31162
31163
31164
31167
31169
31170
31173
31174
31178
31179
31183
31184
31186
31187
31189
31190
31192
31195
31196
31197
31200
31201
31204
31205
31206
31209
31211
31216
31217
31219
31224
31229
31230
31233
31235
31238
31240
31241
31242
31243
31245
31247
31248
31249
31251
31253
31255
31256
31257
31258
31260
31265
31266
31267
31268
31269
31271
31275
31277
31281
31285
31286
31287
31288
31291
31294
31296
31297
31300
31303
31304
31312
31314
31315
31316
31317
31318
31319
31321
31324
31328
31330
31335
31337
31338
31340
31341
31344
31347
31348
31349
31350
31352
31355
31356
31358
31363
31367
31371
31373
31376
31379
31381
31385
31386
31389
31390
31391
31392
31393
31397
31402
31403
31404
31410
31412
31413
31415
31416
31419
31420
31423
31424
31427
31428
31431
31432
31433
31434
31435
31436
31437
31438
31440
31442
31443
31444
31445
31447
31448
31450
31453
31454
31456
31457
31460
31463
31465
31466
31467
31474
31477
31478
31484
31489
31491
31493
31494
31495
31496
31497
31498
31499
31502
31508
31509
31511
31512
31514
31516
31517
31519
31520
31521
31522
31525
31526
31528
31529
31534
31535
31539
31540
31541
31542
31546
31547
31548
31551
31555
31559
31563
31564
31566
31571
31575
31576
31579
31580
31581
31586
31589
31590
31591
31595
31597
31600
31602
31603
31604
31605
31607
31612
31616
31619
31621
31625
31626
31627
31628
31634
31636
31637
31639
31641
31643
31644
31645
31646
31647
31649
31651
31656
31660
31663
31664
31665
31666
31671
31673
31674
31676
31679
31680
31681
31686
31687
31688
31692
31693
31694
31698
31699
31703
31705
31708
31711
31714
31718
31719
31721
31723
31724
31725
31728
31730
31731
31732
31733
31734
31735
31736
31747
31751
31754
31756
31757
31759
31760
31761
31762
31764
31765
31766
31767
31768
31769
31773
31776
31777
31778
31779
31784
31785
31786
31787
31788
31789
31790
31791
31793
31795
31800
31801
31802
31805
31808
31810
31811
31812
31816
31819
31821
31823
31824
31826
31832
31835
31838
31841
31843
31847
31852
31854
31856
31859
31860
31864
31865
31866
31869
31870
31871
31874
31877
31879
31881
31882
31883
31884
31886
31887
31888
31890
31891
31895
31896
31897
31899
31909
31910
31911
31918
31920
31921
31923
31924
31925
31926
31930
31931
31932
31933
31934
31935
31936
31938
31939
31941
31944
31948
31950
31952
31954
31955
31958
31959
31961
31965
31966
31967
31969
31971
31972
31973
31974
31975
31976
31978
31979
31983
31986
31987
31988
31991
31995
31996
31997
32000
32001
32002
32007
32011
32016
32017
32021
32022
32023
32025
32026
32027
32028
32029
32030
32031
32032
32034
32035
32036
32039
32040
32042
32043
32044
32045
32048
32050
32052
32053
32054
32058
32060
32062
32066
32067
32079
32080
32084
32087
32088
32090
32094
32095
32096
32097
32099
32100
32107
32108
32110
32112
32114
32115
32116
32119
32120
32121
32122
32123
32124
32125
32127
32130
32131
32133
32140
32141
32142
32143
32145
32146
32147
32148
32149
32153
32157
32159
32160
32167
32168
32170
32176
32177
32179
32180
32182
32183
32184
32185
32186
32187
32189
32191
32194
32195
32199
32201
32207
32208
32215
32216
32223
32224
32225
32226
32227
32228
32236
32237
32238
32239
32242
32243
32247
32248
32249
32251
32252
32253
32254
32255
32258
32259
32260
32262
32263
32264
32265
32267
32272
32274
32275
32283
32284
32286
32288
32289
32290
32296
32298
32300
32301
32302
32303
32305
32306
32313
32314
32315
32320
32321
32323
32327
32328
32330
32332
32334
32335
32336
32337
32338
32339
32341
32342
32343
32345
32347
32348
32353
32354
32356
32358
32359
32361
32362
32364
32367
32368
32371
32373
32374
32375
32376
32378
32380
32381
32382
32385
32386
32387
32388
32391
32393
32394
32396
32404
32407
32408
32410
32411
32413
32417
32418
32419
32420
32425
32427
32432
32433
32435
32436
32439
32441
32443
32446
32448
32451
32455
32458
32459
32460
32465
32467
32469
32471
32472
32473
32476
32477
32480
32483
32485
32486
32487
32491
32498
32499
32500
32501
32503
32504
32505
32509
32510
32520
32524
32525
32526
32530
32532
32534
32535
32537
32540
32543
32544
32545
32547
32548
32549
32550
32553
32555
32556
32558
32559
32560
32561
32563
32566
32567
32569
32570
32573
32577
32582
32584
32585
32590
32592
32595
32599
32603
32606
32607
32608
32609
32610
32614
32616
32617
32620
32624
32626
32630
32633
32635
32636
32637
32638
32640
32645
32646
32650
32651
32653
32655
32656
32658
32662
32663
32666
32668
32671
32672
32680
32681
32687
32693
32696
32698
32699
32703
32709
32710
32713
32714
32718
32721
32722
32723
32726
32729
32732
32735
32736
32740
32741
32743
32745
32746
32748
32749
32751
32755
32757
32759
32760
32767
32768
32770
32774
32776
32777
32783
32784
32785
32786
32788
32790
32792
32793
32794
32795
32796
32797
32807
32809
32810
32813
32815
32817
32819
32821
32822
32824
32826
32827
32830
32832
32833
32834
32835
32836
32838
32848
32849
32850
32853
32855
32856
32862
32863
32865
32866
32870
32871
32872
32874
32875
32877
32878
32879
32881
32886
32889
32890
32891
32894
32895
32897
32899
32902
32903
32906
32907
32908
32910
32911
32913
32916
32917
32918
32919
32920
32921
32924
32925
32926
32928
32931
32934
32935
32936
32941
32944
32946
32947
32956
32957
32958
32960
32961
32962
32964
32968
32969
32972
32974
32975
32977
32979
32983
32985
32986
32988
32990
32992
32994
32997
32998
33001
33002
33005
33006
33007
33009
33012
33014
33024
33025
33026
33027
33028
33036
33037
33038
33039
33040
33041
33042
33049
33051
33053
33055
33056
33059
33060
33062
33063
33064
33066
33068
33069
33072
33073
33074
33075
33078
33079
33085
33086
33087
33088
33089
33093
33094
33095
33096
33097
33101
33102
33105
33107
33108
33110
33114
33119
33120
33124
33125
33126
33127
33129
33130
33131
33138
33140
33142
33145
33146
33148
33152
33153
33155
33157
33159
33164
33165
33170
33171
33172
33175
33176
33178
33179
33180
33182
33184
33185
33188
33189
33192
33200
33206
33208
33210
33212
33213
33214
33217
33218
33219
33224
33226
33227
33237
33238
33239
33240
33241
33246
33248
33249
33250
33252
33254
33256
33258
33259
33260
33262
33265
33266
33269
33271
33272
33273
33274
33276
33283
33285
33286
33287
33289
33290
33291
33293
33295
33297
33298
33301
33303
33304
33308
33311
33314
33316
33317
33318
33319
33323
33331
33340
33341
33343
33350
33351
33352
33353
33354
33355
33357
33358
33360
33361
33362
33363
33367
33373
33377
33378
33379
33382
33387
33389
33391
33392
33394
33395
33398
33402
33404
33408
33413
33416
33419
33420
33425
33429
33431
33433
33435
33436
33439
33440
33441
33442
33443
33444
33447
33448
33450
33451
33453
33461
33464
33465
33466
33470
33472
33473
33474
33475
33476
33478
33479
33480
33481
33483
33484
33486
33488
33489
33490
33493
33494
33495
33498
33499
33503
33504
33508
33510
33513
33514
33515
33517
33518
33519
33521
33524
33525
33526
33528
33530
33531
33534
33535
33536
33537
33539
33540
33541
33544
33545
33546
33550
33552
33561
33563
33565
33572
33576
33577
33579
33582
33585
33586
33587
33589
33591
33593
33597
33601
33602
33605
33606
33607
33609
33617
33619
33621
33622
33625
33627
33632
33633
33635
33640
33642
33645
33649
33651
33652
33654
33655
33656
33657
33659
33661
33662
33666
33667
33671
33680
33681
33682
33683
33684
33685
33686
33689
33691
33692
33695
33697
33699
33700
33702
33704
33706
33708
33712
33713
33716
33718
33722
33724
33725
33730
33731
33733
33734
33739
33740
33741
33742
33744
33749
33750
33752
33753
33754
33756
33757
33759
33760
33761
33763
33764
33770
33771
33776
33777
33778
33779
33780
33782
33783
33784
33788
33789
33791
33792
33793
33794
33800
33803
33805
33807
33808
33810
33812
33813
33818
33820
33825
33826
33828
33829
33830
33831
33832
33837
33839
33840
33841
33842
33847
33848
33849
33850
33852
33855
33862
33863
33868
33872
33873
33877
33880
33883
33887
33889
33892
33894
33899
33902
33904
33905
33907
33909
33910
33911
33914
33915
33916
33917
33918
33920
33921
33922
33924
33926
33929
33930
33931
33932
33935
33936
33939
33940
33948
33949
33952
33953
33955
33957
33959
33960
33963
33965
33968
33970
33971
33972
33974
33980
33983
33986
33988
33991
33992
33993
33994
33995
33998
33999
34006
34007
34016
34017
34019
34020
34021
34022
34023
34027
34029
34030
34032
34036
34038
34044
34045
34050
34051
34054
34057
34058
34062
34063
34065
34066
34072
34073
34074
34075
34080
34082
34088
34093
34094
34095
34097
34098
34099
34100
34101
34105
34107
34108
34109
34110
34112
34117
34124
34126
34128
34129
34131
34135
34136
34139
34141
34146
34147
34150
34151
34153
34154
34155
34159
34162
34163
34165
34167
34169
34172
34177
34178
34180
34181
34183
34188
34189
34200
34209
34210
34212
34215
34217
34219
34223
34225
34227
34228
34229
34234
34235
34237
34242
34244
34245
34246
34250
34251
34255
34256
34260
34261
34263
34264
34265
34267
34268
34269
34270
34271
34276
34281
34282
34284
34286
34288
34290
34291
34292
34293
34294
34295
34298
34299
34300
34303
34307
34308
34310
34314
34317
34318
34319
34320
34322
34325
34330
34332
34333
34334
34337
34338
34340
34343
34349
34350
34351
34356
34358
34359
34366
34369
34371
34372
34373
34374
34376
34378
34382
34383
34386
34387
34388
34390
34392
34393
34396
34402
34403
34404
34411
34415
34416
34417
34418
34420
34421
34425
34429
34430
34432
34435
34439
34440
34441
34443
34446
34449
34451
34455
34463
34464
34465
34468
34470
34471
34472
34474
34475
34480
34482
34487
34489
34490
34492
34493
34495
34497
34499
34501
34503
34508
34512
34513
34517
34519
34520
34521
34523
34524
34526
34527
34532
34534
34536
34538
34539
34540
34546
34547
34550
34556
34557
34560
34563
34566
34568
34569
34572
34573
34578
34579
34580
34582
34584
34585
34586
34590
34591
34594
34597
34601
34602
34603
34606
34608
34609
34613
34614
34617
34622
34624
34626
34634
34635
34636
34639
34644
34647
34652
34653
34655
34659
34660
34661
34664
34669
34672
34675
34677
34678
34683
34684
34687
34690
34691
34699
34700
34702
34705
34707
34709
34713
34714
34716
34717
34720
34724
34725
34728
34729
34731
34734
34736
34738
34739
34740
34742
34745
34746
34747
34754
34756
34761
34762
34764
34765
34766
34767
34768
34772
34773
34774
34775
34779
34780
34783
34784
34785
34786
34787
34788
34791
34793
34795
34797
34798
34802
34805
34806
34807
34809
34810
34811
34812
34815
34816
34820
34826
34830
34832
34835
34839
34844
34846
34848
34849
34850
34854
34855
34858
34859
34860
34864
34867
34869
34871
34872
34873
34874
34875
34876
34877
34878
34879
34880
34885
34886
34888
34891
34895
34897
34898
34902
34904
34906
34909
34912
34915
34916
34917
34920
34925
34927
34929
34930
34932
34933
34934
34935
34937
34938
34939
34940
34941
34942
34944
34945
34951
34958
34961
34965
34967
34968
34970
34972
34973
34977
34982
34985
34987
34993
34995
34998
35000
35002
35003
35006
35007
35012
35016
35017
35018
35022
35023
35028
35030
35032
35034
35037
35039
35042
35043
35044
35045
35046
35047
35052
35057
35058
35059
35061
35072
35074
35075
35076
35077
35078
35079
35080
35081
35082
35085
35086
35087
35088
35090
35091
35093
35094
35096
35097
35098
35101
35102
35104
35106
35107
35108
35109
35113
35119
35120
35121
35122
35123
35124
35126
35128
35130
35131
35132
35133
35134
35136
35138
35139
35140
35141
35143
35144
35145
35148
35150
35154
35155
35157
35159
35160
35163
35166
35167
35168
35169
35171
35172
35175
35178
35179
35184
35186
35188
35189
35190
35195
35197
35202
35207
35209
35210
35214
35216
35218
35221
35222
35224
35226
35234
35235
35237
35238
35239
35240
35241
35243
35244
35246
35248
35250
35251
35257
35260
35261
35264
35265
35270
35271
35272
35276
35277
35278
35281
35282
35284
35288
35290
35293
35296
35299
35302
35306
35308
35309
35311
35312
35313
35317
35325
35326
35329
35331
35336
35337
35339
35341
35342
35343
35351
35353
35354
35355
35358
35359
35360
35361
35363
35367
35368
35371
35374
35375
35376
35378
35381
35382
35383
35384
35391
35396
35399
35401
35402
35406
35408
35414
35418
35419
35420
35421
35422
35424
35426
35433
35435
35438
35442
35443
35444
35452
35453
35455
35456
35457
35459
35461
35463
35465
35467
35468
35469
35470
35471
35473
35475
35477
35479
35482
35486
35487
35488
35490
35491
35492
35493
35494
35495
35496
35497
35504
35506
35510
35512
35513
35514
35515
35517
35519
35520
35521
35523
35524
35525
35528
35530
35531
35532
35538
35540
35542
35544
35546
35547
35548
35551
35554
35556
35558
35560
35562
35564
35571
35572
35576
35577
35583
35584
35585
35588
35589
35590
35594
35599
35600
35602
35603
35604
35608
35612
35614
35620
35621
35622
35626
35627
35629
35633
35634
35635
35636
35637
35638
35639
35642
35643
35644
35645
35648
35649
35652
35657
35658
35661
35664
35671
35672
35673
35674
35678
35680
35686
35688
35691
35693
35697
35698
35701
35702
35704
35705
35706
35709
35711
35715
35716
35718
35721
35724
35725
35726
35727
35728
35732
35733
35736
35737
35739
35742
35747
35748
35750
35752
35755
35757
35761
35764
35766
35769
35771
35772
35774
35776
35778
35789
35790
35792
35793
35794
35796
35800
35801
35806
35807
35808
35810
35811
35815
35817
35819
35821
35822
35824
35825
35826
35836
35838
35841
35845
35848
35850
35852
35858
35859
35861
35862
35863
35864
35865
35872
35873
35874
35875
35876
35877
35878
35880
35881
35882
35883
35885
35886
35887
35888
35890
35891
35892
35896
35898
35899
35901
35904
35909
35913
35915
35916
35917
35921
35922
35923
35924
35930
35932
35935
35937
35938
35944
35945
35947
35948
35955
35958
35959
35960
35962
35963
35966
35967
35968
35971
35974
35975
35978
35983
35987
35988
35990
35995
35997
35998
36001
36003
36004
36007
36008
36009
36012
36014
36015
36016
36017
36018
36021
36022
36025
36027
36028
36033
36034
36039
36040
36042
36049
36052
36055
36059
36064
36065
36066
36070
36073
36075
36076
36078
36081
36084
36087
36088
36089
36091
36092
36093
36095
36097
36101
36109
36113
36120
36121
36126
36127
36129
36131
36134
36137
36139
36142
36144
36145
36146
36147
36150
36151
36152
36153
36154
36156
36157
36158
36159
36163
36164
36165
36166
36167
36169
36170
36175
36176
36179
36180
36182
36185
36187
36189
36192
36195
36196
36198
36199
36200
36203
36205
36208
36210
36211
36213
36214
36221
36222
36223
36226
36227
36229
36231
36233
36237
36239
36244
36247
36250
36251
36252
36253
36257
36258
36259
36260
36268
36271
36272
36274
36275
36278
36279
36282
36283
36284
36286
36289
36292
36295
36297
36298
36299
36303
36306
36307
36312
36313
36317
36319
36320
36325
36329
36330
36331
36333
36334
36336
36337
36339
36344
36345
36348
36352
36353
36354
36356
36363
36364
36365
36366
36367
36370
36372
36377
36379
36381
36383
36390
36394
36397
36401
36404
36405
36409
36412
36414
36416
36418
36419
36421
36426
36427
36432
36434
36435
36436
36437
36438
36439
36440
36441
36442
36445
36452
36453
36456
36457
36463
36464
36465
36468
36472
36475
36478
36479
36480
36489
36490
36491
36492
36495
36497
36500
36510
36514
36515
36517
36521
36523
36529
36531
36534
36536
36537
36539
36541
36544
36545
36546
36547
36549
36554
36555
36556
36557
36561
36565
36566
36571
36575
36579
36580
36581
36584
36586
36588
36590
36591
36592
36593
36595
36597
36599
36600
36602
36605
36609
36613
36614
36616
36617
36618
36619
36620
36622
36623
36629
36632
36633
36634
36635
36636
36637
36638
36640
36641
36642
36648
36650
36651
36654
36655
36656
36665
36666
36667
36668
36680
36684
36685
36686
36687
36688
36690
36693
36695
36699
36702
36703
36704
36707
36712
36714
36715
36720
36721
36722
36731
36733
36734
36737
36739
36740
36741
36742
36744
36748
36749
36758
36759
36769
36773
36774
36775
36777
36780
36781
36783
36784
36785
36788
36790
36791
36792
36796
36800
36802
36804
36809
36810
36811
36812
36816
36819
36820
36822
36830
36833
36834
36835
36840
36841
36842
36843
36846
36849
36850
36851
36856
36857
36861
36863
36865
36874
36878
36879
36881
36882
36883
36884
36885
36889
36891
36892
36893
36897
36898
36900
36901
36908
36910
36912
36915
36919
36920
36923
36924
36928
36931
36933
36934
36939
36941
36942
36945
36947
36948
36951
36952
36953
36958
36964
36965
36967
36971
36972
36977
36979
36980
36981
36983
36991
36993
36995
36999
37002
37006
37008
37010
37011
37013
37017
37019
37024
37027
37028
37029
37033
37036
37040
37042
37043
37046
37047
37048
37054
37057
37058
37059
37061
37063
37064
37065
37066
37070
37073
37076
37079
37083
37085
37099
37102
37103
37105
37107
37109
37112
37114
37115
37116
37119
37120
37122
37123
37126
37127
37130
37132
37134
37135
37136
37137
37138
37139
37140
37145
37147
37149
37154
37157
37158
37159
37162
37167
37169
37172
37174
37176
37178
37179
37182
37183
37186
37189
37190
37191
37192
37194
37197
37198
37200
37201
37202
37208
37212
37214
37216
37218
37219
37220
37221
37222
37223
37225
37232
37233
37236
37238
37241
37242
37244
37247
37250
37254
37257
37260
37261
37266
37271
37273
37274
37276
37280
37281
37282
37285
37286
37289
37291
37292
37294
37296
37298
37299
37300
37301
37302
37306
37308
37309
37310
37314
37315
37316
37317
37319
37320
37321
37325
37326
37327
37332
37334
37335
37336
37337
37343
37345
37347
37348
37350
37354
37356
37357
37358
37359
37361
37363
37365
37367
37368
37371
37372
37379
37385
37389
37391
37393
37404
37405
37412
37413
37417
37421
37422
37424
37428
37431
37432
37434
37435
37437
37441
37442
37443
37444
37445
37447
37448
37449
37452
37457
37459
37461
37462
37469
37471
37473
37474
37476
37481
37482
37485
37487
37488
37489
37492
37493
37498
37500
37502
37507
37508
37512
37513
37514
37515
37520
37522
37523
37525
37529
37536
37538
37539
37543
37549
37550
37551
37555
37556
37557
37562
37563
37564
37567
37568
37569
37570
37574
37576
37578
37582
37584
37585
37586
37587
37589
37595
37597
37603
37604
37606
37607
37612
37613
37616
37617
37621
37622
37629
37630
37631
37633
37635
37638
37639
37640
37641
37647
37651
37652
37654
37658
37659
37663
37667
37671
37673
37676
37679
37680
37681
37683
37685
37693
37694
37695
37698
37701
37702
37704
37707
37708
37709
37710
37714
37715
37725
37726
37728
37730
37731
37732
37733
37734
37737
37739
37741
37744
37746
37747
37748
37749
37750
37751
37753
37754
37755
37761
37762
37765
37767
37770
37774
37780
37781
37782
37784
37793
37794
37795
37796
37797
37800
37802
37804
37805
37810
37811
37820
37824
37828
37831
37837
37838
37839
37843
37844
37845
37846
37847
37849
37852
37853
37854
37857
37860
37863
37864
37870
37872
37876
37879
37883
37884
37885
37886
37888
37890
37901
37903
37907
37909
37910
37911
37913
37914
37916
37918
37921
37922
37924
37926
37932
37935
37936
37937
37938
37939
37943
37946
37947
37951
37955
37957
37960
37961
37962
37963
37964
37967
37970
37972
37974
37975
37976
37978
37980
37982
37983
37987
37989
37990
37991
37996
37999
38005
38008
38009
38011
38012
38013
38016
38018
38020
38023
38024
38026
38032
38034
38044
38049
38050
38056
38057
38058
38060
38067
38073
38075
38081
38083
38084
38086
38091
38093
38094
38095
38096
38097
38098
38100
38101
38103
38104
38106
38107
38112
38114
38116
38117
38125
38127
38129
38130
38132
38135
38136
38137
38139
38143
38144
38145
38146
38149
38152
38155
38156
38157
38158
38163
38167
38173
38175
38176
38182
38186
38188
38189
38192
38195
38199
38200
38202
38205
38207
38208
38209
38210
38211
38217
38219
38220
38224
38225
38226
38228
38229
38233
38236
38237
38238
38240
38242
38243
38244
38248
38251
38254
38256
38257
38258
38261
38262
38266
38272
38274
38277
38278
38284
38287
38288
38289
38290
38292
38293
38297
38298
38299
38300
38301
38303
38304
38308
38309
38315
38318
38320
38321
38327
38328
38329
38330
38334
38337
38346
38347
38348
38349
38350
38353
38354
38358
38361
38363
38365
38371
38372
38373
38374
38381
38383
38385
38391
38394
38396
38400
38402
38404
38405
38406
38407
38409
38410
38411
38412
38415
38425
38428
38429
38432
38433
38435
38444
38445
38449
38450
38451
38453
38456
38460
38461
38464
38472
38473
38475
38479
38480
38481
38482
38483
38486
38487
38488
38491
38493
38495
38498
38501
38502
38503
38507
38514
38515
38517
38518
38520
38522
38523
38525
38527
38535
38540
38541
38545
38549
38554
38556
38557
38558
38559
38563
38566
38580
38583
38585
38586
38587
38589
38592
38593
38597
38605
38606
38608
38609
38617
38620
38622
38625
38627
38631
38633
38634
38636
38640
38643
38644
38645
38647
38651
38663
38665
38667
38668
38672
38679
38683
38684
38685
38686
38688
38690
38694
38696
38697
38699
38700
38702
38703
38706
38708
38709
38710
38712
38716
38723
38725
38729
38731
38732
38733
38734
38737
38738
38744
38749
38754
38755
38758
38764
38769
38774
38778
38779
38782
38783
38786
38787
38789
38791
38797
38801
38802
38803
38805
38806
38810
38813
38815
38818
38819
38821
38823
38826
38831
38832
38833
38837
38838
38841
38843
38844
38845
38848
38850
38852
38854
38857
38862
38863
38866
38867
38868
38870
38873
38875
38876
38882
38885
38886
38891
38895
38896
38897
38901
38907
38915
38916
38920
38921
38923
38928
38936
38937
38939
38942
38943
38944
38945
38946
38950
38951
38952
38956
38958
38959
38961
38962
38965
38970
38972
38973
38974
38976
38981
38982
38983
38984
38985
38988
38989
38993
38998
38999
39001
39003
39004
39005
39007
39013
39015
39016
39017
39018
39019
39021
39025
39026
39028
39029
39031
39034
39035
39039
39040
39043
39044
39045
39047
39049
39051
39052
39056
39060
39063
39064
39065
39066
39067
39072
39074
39075
39086
39087
39091
39094
39096
39098
39099
39102
39105
39106
39107
39108
39109
39110
39113
39115
39116
39117
39120
39121
39122
39125
39126
39127
39129
39132
39134
39136
39138
39139
39140
39141
39142
39143
39144
39146
39147
39149
39150
39151
39152
39155
39157
39161
39164
39170
39173
39175
39176
39181
39184
39185
39188
39191
39192
39193
39194
39199
39202
39204
39207
39210
39211
39212
39215
39219
39221
39223
39224
39226
39227
39228
39229
39234
39235
39240
39241
39242
39245
39247
39248
39257
39259
39261
39262
39264
39270
39271
39272
39274
39275
39277
39284
39285
39291
39293
39294
39296
39300
39303
39304
39317
39318
39319
39321
39324
39328
39332
39334
39336
39340
39341
39346
39347
39349
39350
39352
39354
39356
39358
39359
39360
39362
39367
39369
39373
39379
39383
39390
39395
39399
39400
39405
39407
39411
39413
39415
39416
39417
39422
39426
39428
39429
39436
39439
39440
39444
39445
39449
39455
39456
39457
39460
39465
39467
39472
39477
39478
39488
39489
39492
39494
39495
39496
39498
39500
39502
39508
39510
39511
39512
39515
39520
39523
39524
39527
39528
39530
39531
39535
39539
39542
39543
39544
39545
39547
39548
39549
39550
39551
39552
39555
39557
39559
39562
39563
39564
39565
39566
39567
39570
39571
39572
39574
39577
39578
39579
39580
39585
39586
39590
39591
39594
39600
39601
39604
39611
39612
39613
39614
39617
39618
39622
39623
39624
39626
39627
39629
39633
39635
39639
39640
39643
39644
39645
39646
39647
39651
39654
39655
39662
39663
39664
39665
39666
39671
39673
39674
39675
39676
39681
39685
39686
39688
39691
39692
39694
39702
39706
39714
39716
39720
39724
39726
39728
39729
39730
39733
39737
39740
39741
39742
39743
39744
39745
39748
39751
39752
39753
39754
39755
39761
39766
39767
39771
39772
39773
39775
39781
39782
39784
39787
39788
39789
39792
39794
39795
39796
39797
39799
39801
39805
39807
39811
39812
39816
39818
39821
39823
39831
39832
39834
39836
39837
39839
39843
39846
39847
39849
39851
39852
39853
39854
39859
39865
39867
39875
39876
39877
39878
39882
39888
39890
39893
39894
39895
39902
39908
39911
39914
39921
39926
39927
39928
39929
39931
39934
39935
39938
39943
39944
39950
39951
39954
39955
39960
39961
39962
39965
39967
39970
39972
39973
39975
39976
39978
39979
39980
39981
39983
39985
39989
39992
39994
39997
39998
40002
40003
40004
40007
40012
40014
40016
40019
40025
40026
40028
40032
40039
40040
40041
40044
40054
40056
40061
40064
40066
40070
40075
40080
40085
40087
40089
40090
40092
40093
40096
40098
40105
40106
40110
40111
40115
40116
40125
40128
40132
40135
40136
40138
40139
40143
40145
40146
40149
40152
40154
40156
40157
40164
40167
40173
40174
40177
40179
40181
40183
40186
40188
40189
40199
40200
40201
40204
40206
40207
40208
40210
40212
40213
40216
40217
40219
40220
40224
40227
40229
40232
40239
40240
40241
40246
40249
40252
40253
40261
40263
40266
40267
40268
40271
40275
40278
40283
40284
40289
40290
40293
40296
40297
40300
40301
40302
40303
40305
40308
40312
40317
40323
40328
40332
40333
40334
40337
40338
40339
40341
40342
40345
40351
40352
40353
40355
40356
40358
40360
40361
40362
40367
40368
40370
40373
40374
40376
40379
40382
40383
40384
40388
40391
40392
40397
40398
40400
40401
40404
40408
40409
40410
40411
40414
40415
40417
40418
40423
40427
40433
40434
40435
40441
40443
40447
40450
40459
40465
40466
40469
40471
40473
40476
40478
40480
40482
40485
40486
40489
40490
40492
40493
40494
40496
40499
40501
40502
40503
40504
40508
40510
40514
40515
40523
40525
40527
40528
40530
40535
40538
40541
40545
40548
40551
40554
40555
40557
40558
40562
40563
40565
40566
40568
40571
40572
40574
40575
40576
40578
40580
40581
40582
40589
40593
40594
40598
40599
40608
40609
40610
40612
40613
40619
40621
40624
40625
40628
40630
40631
40633
40634
40642
40643
40648
40651
40652
40653
40654
40655
40657
40662
40664
40667
40671
40682
40683
40684
40685
40692
40693
40698
40701
40702
40707
40712
40713
40718
40719
40720
40722
40729
40730
40731
40732
40740
40747
40748
40751
40753
40754
40755
40757
40759
40760
40761
40762
40764
40768
40775
40778
40779
40782
40784
40785
40786
40788
40789
40790
40791
40793
40795
40797
40799
40802
40803
40808
40811
40812
40814
40818
40821
40823
40824
40825
40826
40829
40832
40833
40834
40835
40836
40838
40840
40844
40845
40846
40852
40853
40857
40858
40860
40861
40868
40870
40871
40874
40878
40884
40889
40890
40891
40893
40895
40897
40900
40901
40904
40905
40906
40908
40913
40914
40916
40919
40920
40921
40922
40926
40927
40929
40935
40937
40940
40942
40944
40950
40951
40952
40953
40954
40957
40958
40959
40961
40963
40967
40968
40969
40973
40979
40983
40984
40985
40986
40987
40988
40995
40999
41005
41006
41009
41012
41013
41015
41019
41020
41022
41025
41026
41031
41036
41040
41042
41049
41050
41052
41054
41061
41064
41065
41066
41075
41076
41078
41080
41082
41085
41086
41087
41088
41089
41090
41093
41095
41096
41103
41108
41111
41114
41118
41124
41126
41129
41131
41132
41133
41134
41138
41139
41140
41143
41144
41147
41148
41150
41151
41152
41155
41156
41157
41160
41161
41163
41164
41165
41167
41170
41171
41173
41175
41182
41183
41184
41185
41197
41198
41200
41203
41204
41205
41211
41212
41213
41217
41218
41219
41221
41222
41223
41224
41228
41231
41233
41235
41239
41241
41242
41244
41246
41251
41253
41257
41258
41260
41262
41266
41268
41269
41270
41271
41272
41273
41274
41275
41276
41278
41282
41285
41289
41292
41294
41295
41297
41298
41304
41306
41309
41313
41315
41318
41323
41324
41325
41327
41329
41331
41332
41333
41334
41339
41340
41345
41349
41355
41358
41359
41360
41361
41363
41364
41365
41366
41368
41375
41377
41378
41380
41382
41385
41386
41388
41391
41392
41402
41403
41405
41412
41416
41418
41419
41421
41423
41424
41426
41433
41434
41439
41441
41443
41445
41447
41452
41453
41457
41466
41467
41468
41475
41476
41478
41479
41484
41489
41491
41495
41496
41497
41499
41501
41504
41505
41507
41510
41511
41513
41514
41515
41517
41518
41520
41521
41522
41525
41528
41531
41535
41536
41537
41538
41540
41542
41545
41547
41549
41553
41554
41557
41559
41564
41565
41567
41568
41570
41578
41581
41584
41586
41587
41589
41590
41594
41596
41600
41602
41605
41606
41609
41611
41614
41616
41618
41632
41633
41634
41636
41637
41638
41639
41641
41643
41648
41650
41653
41654
41655
41657
41658
41659
41662
41664
41665
41666
41669
41670
41671
41674
41679
41680
41683
41685
41692
41696
41697
41698
41699
41700
41701
41702
41705
41707
41712
41713
41714
41716
41717
41718
41724
41727
41728
41733
41735
41737
41738
41752
41753
41755
41758
41760
41764
41767
41772
41773
41774
41777
41779
41780
41781
41784
41786
41788
41789
41792
41795
41796
41798
41800
41801
41804
41809
41820
41823
41827
41829
41831
41834
41836
41846
41849
41850
41851
41853
41854
41855
41858
41863
41864
41866
41867
41868
41872
41874
41880
41896
41899
41902
41906
41907
41908
41909
41913
41915
41919
41922
41925
41926
41928
41930
41931
41933
41934
41940
41942
41943
41947
41948
41949
41951
41954
41955
41956
41957
41959
41960
41962
41964
41965
41968
41973
41974
41975
41976
41979
41981
41982
41984
41985
41986
41990
41995
41997
41998
42000
42001
42003
42004
42005
42007
42008
42011
42014
42017
42019
42020
42023
42027
42029
42032
42033
42041
42043
42044
42045
42046
42047
42049
42051
42054
42056
42057
42058
42061
42064
42069
42070
42071
42072
42076
42077
42078
42079
42080
42084
42095
42096
42103
42106
42108
42109
42110
42112
42115
42117
42119
42120
42122
42123
42125
42126
42127
42132
42133
42140
42143
42144
42145
42149
42151
42152
42153
42155
42156
42158
42159
42164
42166
42169
42170
42171
42174
42176
42177
42180
42181
42182
42187
42189
42191
42195
42196
42197
42199
42204
42205
42206
42208
42210
42212
42222
42225
42230
42234
42237
42242
42244
42246
42249
42256
42264
42267
42269
42272
42274
42276
42281
42286
42287
42288
42292
42294
42299
42301
42303
42304
42307
42310
42316
42318
42320
42324
42325
42326
42328
42331
42335
42339
42340
42342
42344
42345
42348
42349
42351
42353
42355
42358
42359
42360
42362
42363
42365
42368
42369
42370
42371
42373
42374
42377
42378
42383
42384
42388
42389
42391
42397
42398
42401
42405
42406
42407
42411
42412
42417
42418
42419
42422
42427
42428
42431
42432
42434
42435
42436
42441
42442
42443
42446
42450
42451
42453
42458
42463
42464
42465
42467
42470
42471
42472
42473
42475
42476
42480
42481
42485
42486
42488
42490
42495
42496
42497
42498
42502
42507
42509
42514
42516
42519
42524
42529
42534
42535
42536
42543
42553
42558
42572
42578
42583
42584
42594
42601
42603
42606
42608
42610
42612
42618
42628
42629
42630
42636
42638
42642
42644
42648
42649
42653
42655
42661
42664
42666
42669
42672
42674
42675
42677
42678
42681
42683
42684
42691
42696
42699
42700
42704
42705
42706
42708
42709
42714
42715
42724
42725
42726
42727
42728
42732
42733
42734
42735
42739
42741
42744
42746
42748
42749
42750
42752
42753
42762
42764
42767
42768
42769
42771
42773
42777
42780
42783
42786
42787
42789
42793
42794
42807
42809
42812
42813
42815
42821
42823
42824
42825
42832
42833
42834
42836
42837
42838
42842
42845
42847
42849
42855
42861
42862
42863
42872
42873
42874
42879
42881
42882
42883
42884
42887
42889
42897
42898
42899
42900
42901
42902
42903
42905
42907
42909
42911
42912
42916
42918
42919
42929
42930
42934
42935
42936
42940
42941
42942
42943
42948
42949
42955
42956
42959
42960
42962
42964
42966
42967
42969
42978
42980
42981
42982
42983
42986
42988
42991
42992
42994
42995
43000
43001
43003
43005
43008
43009
43011
43014
43015
43017
43020
43021
43022
43027
43030
43034
43036
43038
43041
43042
43043
43044
43045
43046
43050
43056
43057
43063
43065
43069
43070
43072
43073
43074
43081
43082
43083
43085
43088
43089
43091
43095
43098
43099
43101
43105
43110
43113
43114
43117
43119
43120
43123
43124
43126
43127
43132
43133
43134
43135
43136
43137
43138
43139
43140
43142
43143
43144
43145
43147
43149
43150
43152
43158
43163
43167
43168
43169
43176
43181
43187
43188
43190
43191
43192
43194
43195
43197
43199
43204
43207
43209
43214
43215
43217
43220
43221
43222
43224
43230
43234
43238
43241
43243
43244
43247
43248
43250
43251
43252
43254
43262
43268
43269
43274
43280
43281
43282
43283
43284
43285
43288
43289
43291
43298
43299
43303
43305
43309
43310
43311
43313
43314
43315
43320
43322
43325
43329
43330
43334
43335
43338
43341
43345
43346
43349
43355
43356
43357
43361
43362
43364
43365
43367
43369
43370
43371
43373
43374
43375
43376
43378
43382
43385
43388
43389
43396
43398
43399
43400
43405
43406
43407
43408
43413
43418
43421
43424
43428
43429
43430
43433
43434
43437
43439
43442
43447
43448
43449
43451
43453
43454
43456
43457
43459
43460
43467
43469
43471
43472
43477
43483
43494
43495
43496
43497
43499
43500
43501
43504
43506
43509
43510
43515
43517
43518
43520
43523
43524
43527
43530
43534
43535
43540
43541
43548
43555
43558
43560
43563
43568
43570
43571
43581
43585
43587
43592
43594
43595
43602
43603
43611
43612
43614
43615
43618
43626
43630
43637
43639
43640
43641
43643
43649
43651
43659
43663
43674
43675
43676
43681
43687
43688
43692
43693
43695
43697
43699
43701
43702
43703
43705
43709
43710
43715
43716
43720
43722
43723
43727
43732
43733
43736
43741
43742
43743
43744
43745
43750
43751
43752
43753
43756
43757
43761
43765
43768
43773
43774
43775
43776
43777
43781
43782
43788
43792
43795
43797
43802
43807
43815
43817
43827
43828
43830
43831
43837
43838
43844
43846
43850
43853
43854
43857
43859
43860
43864
43865
43866
43867
43868
43870
43876
43877
43882
43883
43885
43886
43887
43891
43895
43900
43902
43908
43910
43919
43922
43924
43934
43935
43938
43943
43945
43946
43947
43948
43950
43953
43957
43965
43967
43969
43971
43976
43978
43979
43982
43986
43988
43993
43998
43999
44001
44003
44007
44009
44010
44013
44014
44015
44020
44022
44026
44027
44029
44030
44031
44034
44038
44039
44044
44047
44057
44059
44062
44066
44067
44075
44086
44092
44094
44095
44096
44101
44102
44103
44104
44106
44107
44109
44111
44115
44116
44121
44123
44125
44134
44135
44136
44139
44141
44142
44143
44145
44148
44149
44151
44154
44157
44160
44168
44172
44173
44174
44177
44182
44183
44184
44189
44192
44193
44204
44206
44208
44212
44213
44214
44216
44217
44218
44221
44222
44223
44224
44226
44227
44231
44232
44237
44239
44240
44241
44242
44243
44244
44246
44247
44250
44254
44255
44259
44261
44264
44265
44270
44274
44279
44280
44284
44286
44290
44292
44294
44295
44296
44299
44300
44301
44307
44312
44313
44315
44316
44317
44318
44327
44329
44331
44332
44339
44340
44341
44347
44350
44354
44357
44359
44362
44364
44365
44367
44368
44370
44373
44375
44380
44384
44385
44388
44399
44400
44401
44402
44403
44409
44410
44413
44414
44417
44422
44424
44425
44429
44431
44433
44439
44440
44442
44444
44449
44452
44457
44458
44459
44462
44463
44465
44466
44467
44469
44470
44473
44475
44477
44480
44481
44483
44484
44486
44487
44489
44491
44495
44499
44504
44505
44507
44509
44515
44525
44528
44529
44530
44531
44532
44533
44536
44539
44540
44543
44548
44552
44555
44556
44558
44559
44564
44566
44569
44571
44573
44576
44579
44585
44588
44598
44603
44608
44610
44613
44622
44623
44628
44635
44637
44639
44640
44641
44642
44643
44645
44646
44647
44648
44651
44652
44653
44656
44657
44658
44661
44663
44665
44667
44669
44670
44671
44674
44675
44679
44683
44687
44690
44696
44697
44699
44701
44703
44712
44715
44717
44718
44719
44720
44723
44732
44733
44734
44737
44738
44739
44742
44745
44746
44747
44750
44751
44753
44755
44758
44766
44767
44770
44772
44773
44779
44780
44781
44782
44791
44793
44798
44800
44815
44816
44818
44820
44821
44823
44824
44829
44833
44839
44846
44847
44852
44853
44854
44857
44859
44875
44876
44877
44880
44883
44885
44887
44889
44893
44894
44896
44900
44901
44903
44905
44911
44918
44920
44921
44923
44925
44926
44928
44931
44932
44933
44935
44936
44937
44941
44942
44943
44948
44949
44955
44958
44960
44962
44966
44968
44969
44970
44971
44974
44978
44979
44980
44983
44984
44989
44990
44993
44999
45001
45002
45004
45006
45009
45013
45016
45018
45022
45023
45025
45028
45030
45031
45032
45033
45034
45035
45036
45037
45039
45041
45044
45046
45048
45052
45055
45057
45058
45059
45069
45070
45071
45073
45077
45080
45083
45085
45086
45087
45088
45091
45092
45095
45099
45101
45102
45104
45112
45119
45127
45128
45129
45132
45140
45141
45143
45148
45149
45152
45156
45157
45161
45172
45178
45179
45180
45183
45190
45192
45197
45198
45200
45203
45205
45209
45212
45216
45222
45224
45227
45228
45229
45231
45232
45233
45239
45241
45243
45245
45247
45248
45256
45258
45259
45260
45263
45265
45275
45277
45279
45285
45290
45298
45299
45300
45301
45302
45305
45306
45307
45309
45310
45312
45316
45318
45320
45321
45322
45324
45326
45327
45328
45329
45330
45332
45339
45341
45342
45345
45346
45347
45351
45355
45356
45362
45366
45369
45371
45372
45374
45375
45376
45382
45391
45396
45398
45403
45407
45414
45418
45421
45422
45425
45426
45432
45435
45441
45442
45445
45446
45447
45451
45455
45456
45461
45462
45465
45466
45467
45474
45477
45478
45479
45485
45486
45491
45494
45497
45498
45506
45511
45514
45516
45522
45524
45525
45529
45533
45543
45545
45546
45547
45551
45555
45559
45564
45569
45574
45576
45583
45584
45585
45586
45588
45590
45592
45593
45595
45597
45602
45605
45606
45607
45608
45610
45615
45618
45619
45623
45625
45626
45627
45630
45631
45640
45643
45651
45659
45662
45664
45665
45667
45668
45669
45675
45676
45677
45680
45683
45685
45689
45690
45691
45692
45693
45696
45697
45698
45702
45703
45704
45708
45709
45713
45714
45720
45726
45727
45732
45735
45736
45741
45742
45743
45751
45753
45755
45759
45760
45761
45762
45771
45774
45776
45781
45784
45787
45788
45790
45792
45794
45798
45805
45807
45812
45815
45822
45823
45827
45829
45831
45832
45834
45838
45842
45843
45845
45847
45848
45849
45850
45854
45855
45858
45859
45861
45863
45866
45867
45868
45869
45879
45881
45883
45884
45888
45890
45891
45899
45901
45903
45906
45918
45920
45922
45923
45924
45930
45932
45933
45936
45938
45940
45943
45952
45954
45965
45966
45967
45969
45970
45976
45979
45981
45982
45983
45984
45985
45993
45994
46000
46001
46003
46004
46008
46009
46011
46013
46015
46016
46018
46021
46022
46025
46026
46028
46032
46036
46038
46039
46040
46041
46042
46046
46051
46052
46053
46058
46059
46060
46061
46064
46066
46070
46076
46082
46083
46084
46086
46089
46090
46091
46093
46094
46097
46099
46101
46103
46104
46110
46111
46113
46115
46120
46121
46123
46124
46127
46128
46136
46138
46139
46141
46142
46143
46144
46149
46150
46153
46157
46163
46164
46166
46169
46170
46174
46179
46182
46183
46192
46193
46194
46197
46199
46202
46203
46205
46206
46212
46213
46214
46217
46219
46221
46227
46231
46234
46236
46237
46242
46247
46250
46251
46253
46254
46255
46258
46259
46260
46261
46262
46264
46268
46270
46271
46277
46284
46286
46290
46291
46293
46298
46299
46300
46301
46303
46306
46309
46310
46311
46314
46320
46328
46333
46338
46343
46346
46349
46356
46357
46360
46361
46362
46368
46372
46373
46379
46385
46393
46398
46399
46403
46405
46408
46410
46415
46416
46419
46422
46423
46426
46436
46437
46438
46439
46446
46448
46449
46451
46452
46453
46455
46458
46459
46461
46462
46466
46471
46472
46474
46476
46479
46480
46481
46483
46484
46487
46491
46492
46493
46495
46499
46501
46503
46507
46508
46517
46520
46522
46523
46525
46528
46529
46530
46531
46533
46535
46536
46539
46544
46547
46548
46554
46559
46560
46561
46564
46566
46568
46569
46570
46571
46577
46578
46589
46594
46596
46598
46599
46604
46605
46608
46610
46616
46621
46625
46626
46627
46628
46629
46631
46632
46633
46636
46640
46646
46648
46649
46651
46654
46656
46660
46661
46664
46668
46670
46671
46673
46674
46676
46682
46683
46685
46693
46697
46701
46705
46706
46708
46712
46714
46716
46718
46721
46723
46724
46726
46729
46730
46734
46736
46737
46748
46751
46754
46756
46760
46761
46763
46767
46768
46769
46770
46772
46773
46775
46776
46779
46780
46787
46790
46793
46796
46804
46805
46809
46810
46814
46819
46821
46824
46832
46834
46838
46839
46840
46847
46849
46850
46854
46856
46860
46866
46867
46868
46869
46871
46877
46886
46890
46891
46893
46896
46900
46901
46902
46903
46907
46908
46910
46912
46914
46918
46922
46924
46925
46927
46931
46932
46937
46938
46942
46950
46961
46962
46964
46966
46967
46973
46975
46976
46981
46985
46987
46988
46989
46995
47002
47006
47008
47020
47021
47024
47028
47029
47034
47037
47038
47040
47047
47049
47050
47052
47058
47059
47065
47066
47067
47069
47070
47071
47072
47077
47078
47080
47085
47086
47090
47092
47093
47094
47095
47096
47099
47100
47103
47107
47108
47116
47121
47122
47123
47124
47126
47130
47132
47133
47135
47140
47147
47149
47152
47154
47159
47160
47161
47163
47164
47172
47176
47177
47179
47181
47187
47189
47192
47193
47194
47198
47204
47205
47206
47208
47209
47214
47218
47223
47224
47226
47232
47236
47237
47238
47239
47240
47244
47246
47248
47259
47264
47272
47275
47278
47279
47280
47283
47286
47291
47300
47307
47308
47313
47315
47317
47318
47321
47322
47326
47327
47328
47334
47338
47339
47341
47344
47346
47348
47351
47353
47354
47356
47358
47361
47362
47364
47366
47370
47371
47373
47377
47378
47381
47384
47387
47391
47392
47394
47398
47406
47409
47410
47411
47413
47416
47422
47424
47425
47426
47428
47432
47435
47436
47438
47440
47442
47449
47450
47451
47455
47461
47470
47473
47484
47485
47488
47492
47493
47498
47500
47502
47503
47506
47508
47509
47510
47512
47514
47517
47519
47528
47531
47532
47535
47544
47548
47551
47557
47558
47559
47563
47571
47573
47574
47584
47585
47589
47590
47592
47602
47608
47612
47613
47614
47617
47622
47625
47627
47632
47638
47640
47641
47643
47647
47651
47656
47660
47661
47662
47663
47666
47669
47675
47676
47680
47681
47684
47686
47690
47692
47694
47696
47697
47698
47699
47703
47707
47709
47712
47716
47718
47721
47722
47731
47733
47734
47737
47739
47741
47743
47746
47749
47752
47756
47758
47763
47768
47770
47771
47772
47775
47778
47781
47782
47784
47785
47787
47788
47789
47790
47791
47792
47797
47801
47802
47807
47815
47818
47821
47822
47823
47825
47828
47830
47831
47841
47842
47843
47849
47853
47860
47861
47863
47866
47869
47875
47876
47879
47881
47885
47887
47888
47891
47893
47894
47896
47897
47901
47904
47907
47910
47911
47912
47913
47914
47915
47916
47921
47928
47929
47930
47931
47934
47935
47941
47943
47944
47946
47953
47955
47956
47957
47958
47960
47965
47966
47973
47977
47978
47980
47984
47985
47989
47993
48005
48015
48017
48018
48019
48022
48023
48028
48030
48033
48036
48038
48039
48043
48044
48047
48050
48055
48056
48057
48060
48063
48066
48070
48071
48074
48078
48079
48080
48084
48085
48086
48088
48093
48094
48095
48098
48101
48102
48113
48114
48115
48117
48120
48124
48130
48138
48140
48142
48144
48148
48150
48157
48159
48161
48166
48169
48171
48172
48175
48176
48181
48183
48184
48193
48196
48199
48203
48204
48205
48210
48212
48213
48217
48219
48220
48224
48230
48231
48233
48236
48237
48241
48244
48253
48257
48260
48262
48264
48265
48267
48269
48270
48271
48277
48282
48284
48285
48286
48289
48290
48293
48295
48300
48303
48306
48308
48309
48311
48318
48320
48321
48322
48323
48325
48326
48327
48330
48331
48335
48338
48339
48340
48342
48343
48345
48347
48350
48352
48355
48364
48367
48370
48372
48373
48376
48377
48380
48381
48384
48387
48389
48391
48393
48396
48401
48402
48403
48409
48413
48419
48420
48421
48427
48429
48436
48440
48453
48454
48455
48456
48462
48470
48473
48477
48478
48482
48483
48484
48485
48489
48493
48500
48501
48507
48508
48509
48514
48520
48522
48523
48526
48532
48540
48542
48551
48553
48554
48555
48559
48565
48569
48570
48572
48573
48575
48578
48584
48591
48593
48601
48603
48611
48616
48624
48636
48639
48641
48645
48647
48652
48654
48657
48659
48662
48667
48671
48679
48681
48683
48684
48685
48688
48692
48704
48707
48716
48718
48719
48720
48723
48724
48730
48736
48738
48739
48743
48745
48749
48750
48751
48753
48754
48758
48763
48765
48766
48767
48768
48769
48772
48774
48778
48780
48785
48790
48791
48793
48794
48797
48810
48819
48821
48823
48826
48827
48829
48830
48833
48834
48836
48840
48841
48844
48854
48857
48860
48862
48865
48874
48877
48878
48879
48880
48881
48887
48889
48893
48894
48902
48906
48910
48921
48922
48924
48926
48932
48937
48939
48946
48947
48949
48950
48955
48957
48958
48959
48960
48961
48964
48966
48967
48970
48971
48973
48981
48985
48992
48995
48997
49006
49009
49013
49017
49018
49026
49032
49034
49035
49036
49037
49040
49051
49058
49059
49060
49064
49067
49068
49069
49070
49075
49078
49079
49084
49086
49091
49093
49096
49104
49110
49112
49113
49115
49120
49122
49124
49125
49126
49133
49139
49140
49141
49142
49143
49146
49147
49151
49157
49159
49161
49165
49166
49170
49171
49172
49175
49178
49180
49187
49188
49192
49195
49197
49198
49199
49204
49210
49217
49219
49220
49222
49228
49231
49238
49240
49242
49243
49248
49252
49259
49264
49265
49267
49272
49282
49283
49292
49296
49300
49303
49305
49310
49311
49312
49313
49314
49317
49318
49320
49321
49322
49324
49325
49327
49332
49334
49336
49338
49340
49343
49345
49359
49360
49369
49370
49371
49372
49376
49382
49388
49390
49392
49401
49403
49405
49406
49407
49409
49415
49416
49422
49424
49428
49429
49431
49432
49434
49435
49436
49445
49453
49457
49463
49464
49465
49467
49475
49481
49483
49485
49488
49490
49491
49492
49494
49496
49497
49500
49501
49511
49512
49513
49516
49523
49524
49526
49530
49531
49539
49547
49549
49552
49554
49556
49558
49559
49564
49571
49573
49574
49577
49579
49580
49582
49586
49591
49592
49604
49605
49606
49612
49614
49616
49619
49621
49625
49629
49632
49633
49634
49645
49648
49649
49653
49664
49665
49666
49669
49678
49682
49684
49691
49693
49696
49698
49703
49704
49709
49710
49712
49714
49715
49716
49718
49720
49722
49724
49732
49738
49743
49745
49747
49752
49753
49755
49762
49763
49765
49769
49772
49777
49779
49787
49790
49795
49798
49800
49805
49808
49810
49813
49815
49825
49828
49834
49835
49836
49837
49838
49839
49844
49847
49848
49849
49852
49855
49864
49867
49869
49870
49871
49873
49875
49877
49878
49884
49889
49904
49907
49913
49915
49918
49922
49924
49926
49927
49929
49931
49933
49936
49937
49942
49944
49949
49953
49955
49956
49959
49961
49963
49966
49970
49972
49975
49976
49977
49979
49986
49987
49991
49992
49996
49997
50003
50007
50008
50013
50014
50016
50017
50020
50021
50023
50026
50027
50029
50030
50031
50032
50034
50036
50037
50038
50042
50044
50054
50058
50061
50066
50067
50069
50074
50079
50083
50084
50087
50091
50093
50095
50096
50098
50099
50100
50107
50108
50110
50111
50115
50119
50123
50125
50128
50133
50139
50142
50143
50151
50153
50157
50158
50160
50163
50164
50166
50173
50176
50183
50185
50186
50188
50195
50197
50202
50203
50204
50205
50206
50207
50209
50213
50215
50217
50224
50231
50233
50235
50239
50240
50242
50243
50245
50246
50251
50252
50255
50258
50265
50269
50273
50274
50275
50277
50283
50289
50291
50293
50301
50305
50308
50309
50311
50316
50317
50319
50322
50324
50326
50330
50332
50334
50335
50336
50344
50350
50353
50354
50355
50359
50360
50366
50368
50369
50370
50376
50384
50385
50386
50389
50391
50392
50398
50401
50402
50414
50415
50423
50425
50427
50428
50433
50438
50447
50451
50452
50453
50464
50465
50466
50468
50471
50474
50490
50491
50495
50499
50500
50501
50504
50506
50508
50509
50512
50524
50525
50526
50528
50532
50534
50536
50539
50541
50543
50545
50546
50548
50549
50555
50558
50560
50565
50566
50572
50573
50577
50584
50588
50594
50595
50596
50597
50600
50601
50602
50604
50605
50606
50611
50613
50615
50617
50625
50630
50632
50633
50636
50637
50638
50640
50647
50653
50654
50656
50668
50671
50680
50686
50690
50693
50695
50697
50698
50702
50703
50705
50706
50710
50713
50714
50716
50717
50720
50723
50725
50741
50744
50750
50755
50756
50767
50768
50769
50775
50783
50786
50789
50799
50802
50804
50807
50808
50820
50821
50823
50827
50831
50832
50835
50839
50842
50846
50850
50853
50856
50859
50861
50863
50864
50876
50879
50882
50885
50892
50893
50897
50900
50906
50908
50910
50915
50919
50920
50921
50927
50928
50935
50936
50937
50940
50943
50944
50951
50952
50959
50963
50965
50973
50977
50981
50983
50984
50985
50989
50990
50992
50996
50998
51004
51008
51011
51015
51018
51028
51030
51031
51037
51039
51043
51044
51047
51049
51067
51070
51075
51076
51079
51080
51085
51087
51088
51091
51099
51101
51102
51103
51104
51105
51106
51114
51116
51119
51121
51123
51129
51135
51139
51140
51144
51147
51151
51154
51155
51160
51163
51164
51169
51171
51172
51179
51184
51185
51186
51192
51199
51201
51209
51212
51215
51216
51217
51218
51219
51221
51222
51231
51234
51236
51241
51247
51249
51253
51273
51274
51278
51280
51284
51285
51286
51287
51290
51297
51300
51301
51307
51319
51320
51323
51332
51333
51334
51338
51340
51342
51343
51344
51345
51350
51356
51357
51358
51359
51362
51365
51372
51373
51375
51376
51380
51381
51388
51390
51393
51399
51403
51404
51407
51411
51412
51418
51422
51424
51425
51429
51432
51433
51439
51442
51449
51455
51459
51460
51463
51465
51474
51476
51479
51487
51489
51494
51495
51499
51501
51502
51505
51510
51514
51515
51516
51517
51527
51529
51531
51534
51541
51544
51554
51561
51563
51564
51570
51572
51574
51576
51577
51578
51584
51586
51587
51595
51601
51602
51607
51610
51612
51616
51618
51623
51624
51642
51663
51665
51666
51669
51672
51673
51674
51675
51676
51689
51690
51691
51693
51695
51698
51700
51701
51714
51715
51718
51721
51722
51726
51727
51730
51734
51735
51743
51745
51747
51748
51749
51755
51763
51764
51769
51773
51775
51779
51781
51782
51784
51785
51791
51792
51797
51800
51802
51808
51809
51813
51816
51819
51821
51827
51830
51831
51834
51836
51838
51842
51851
51852
51853
51856
51857
51859
51863
51864
51866
51868
51876
51881
51885
51886
51888
51889
51891
51895
51898
51902
51903
51904
51907
51911
51914
51922
51924
51930
51935
51939
51943
51948
51953
51955
51969
51973
51976
51977
51982
51985
51988
51989
51996
51997
51998
52000
52010
52011
52012
52013
52014
52022
52023
52034
52036
52037
52038
52039
52041
52042
52044
52046
52057
52059
52061
52062
52063
52068
52080
52081
52084
52086
52089
52091
52092
52108
52112
52117
52123
52131
52133
52139
52140
52141
52142
52145
52148
52149
52150
52151
52152
52153
52157
52159
52162
52172
52173
52175
52176
52183
52193
52194
52195
52201
52202
52206
52211
52214
52217
52218
52226
52228
52231
52233
52234
52235
52237
52239
52249
52250
52251
52256
52263
52264
52265
52266
52267
52269
52270
52272
52274
52275
52280
52284
52287
52289
52293
52295
52297
52300
52303
52304
52307
52310
52325
52328
52329
52331
52339
52349
52351
52353
52354
52358
52359
52365
52367
52369
52371
52372
52379
52381
52383
52385
52386
52392
52393
52398
52400
52401
52408
52409
52410
52413
52416
52417
52421
52423
52426
52429
52433
52434
52439
52441
52445
52446
52447
52448
52449
52450
52451
52453
52456
52457
52459
52462
52465
52466
52470
52473
52478
52480
52482
52483
52485
52487
52490
52498
52500
52501
52508
52510
52513
52515
52516
52519
52520
52524
52536
52541
52546
52548
52555
52556
52560
52562
52566
52567
52572
52575
52579
52582
52589
52591
52593
52594
52597
52602
52604
52606
52609
52612
52615
52621
52622
52624
52629
52635
52637
52642
52644
52647
52651
52652
52654
52656
52657
52665
52670
52673
52677
52680
52682
52686
52688
52689
52699
52703
52708
52712
52713
52720
52722
52728
52733
52738
52739
52743
52744
52747
52749
52750
52754
52755
52763
52771
52773
52778
52780
52782
52785
52786
52788
52789
52802
52805
52811
52815
52816
52818
52820
52821
52823
52824
52825
52827
52829
52830
52836
52837
52840
52848
52850
52851
52853
52854
52860
52862
52864
52866
52876
52877
52883
52886
52894
52895
52896
52897
52898
52899
52903
52904
52906
52907
52914
52915
52916
52917
52919
52920
52924
52926
52928
52933
52934
52938
52940
52941
52942
52946
52948
52952
52953
52958
52961
52962
52965
52967
52971
52975
52976
52980
52984
52985
52987
52990
52991
52992
52995
53001
53002
53003
53006
53007
53012
53014
53017
53019
53020
53027
53031
53032
53037
53038
53040
53041
53049
53052
53057
53059
53063
53064
53065
53066
53067
53070
53080
53081
53083
53085
53088
53090
53092
53094
53096
53099
53100
53102
53103
53105
53106
53107
53108
53109
53113
53118
53126
53140
53141
53147
53154
53161
53162
53164
53171
53174
53179
53185
53187
53188
53190
53198
53204
53207
53217
53218
53226
53227
53228
53230
53231
53233
53235
53238
53248
53253
53255
53258
53264
53267
53269
53270
53275
53276
53277
53280
53282
53283
53287
53290
53295
53297
53298
53300
53301
53304
53307
53310
53314
53315
53317
53318
53319
53325
53343
53363
53374
53379
53380
53384
53390
53396
53402
53405
53406
53407
53414
53415
53418
53419
53423
53424
53427
53434
53437
53439
53440
53442
53447
53448
53449
53450
53454
53456
53463
53470
53472
53474
53475
53479
53483
53485
53489
53494
53498
53499
53501
53504
53507
53509
53518
53524
53528
53536
53541
53549
53554
53560
53566
53571
53572
53573
53574
53575
53577
53578
53579
53582
53589
53597
53601
53605
53610
53611
53613
53616
53622
53626
53627
53630
53637
53639
53642
53643
53650
53653
53655
53661
53662
53666
53673
53678
53681
53683
53688
53690
53691
53693
53695
53700
53701
53702
53705
53706
53712
53718
53721
53732
53736
53738
53739
53740
53741
53751
53759
53760
53762
53768
53769
53772
53775
53778
53781
53782
53783
53784
53785
53786
53790
53792
53798
53800
53802
53803
53805
53806
53822
53824
53825
53826
53834
53838
53840
53844
53845
53846
53847
53850
53851
53852
53863
53865
53866
53871
53873
53880
53883
53886
53893
53902
53904
53913
53915
53916
53924
53925
53926
53929
53930
53938
53940
53942
53953
53962
53963
53967
53968
53972
53976
53977
53979
53982
53983
53991
53992
53993
53995
53997
54004
54006
54009
54011
54014
54015
54020
54029
54034
54040
54042
54044
54045
54047
54048
54050
54051
54056
54060
54063
54066
54067
54069
54072
54076
54080
54083
54084
54087
54090
54091
54098
54100
54102
54103
54109
54115
54117
54120
54124
54125
54127
54129
54130
54133
54135
54136
54138
54141
54147
54150
54152
54154
54165
54166
54168
54172
54174
54185
54189
54195
54200
54208
54211
54215
54217
54219
54227
54229
54230
54231
54233
54239
54241
54243
54244
54250
54251
54254
54258
54263
54266
54270
54275
54278
54279
54282
54288
54302
54307
54310
54312
54315
54319
54322
54325
54327
54331
54334
54338
54341
54344
54351
54354
54361
54367
54372
54373
54374
54375
54377
54380
54383
54390
54391
54397
54403
54406
54409
54417
54420
54424
54431
54434
54455
54466
54469
54472
54474
54476
54481
54483
54484
54488
54494
54502
54507
54512
54513
54517
54518
54526
54530
54532
54533
54534
54537
54541
54548
54551
54555
54556
54559
54562
54567
54571
54572
54574
54577
54582
54585
54586
54591
54595
54596
54600
54602
54603
54604
54612
54615
54619
54620
54622
54624
54625
54633
54634
54639
54640
54651
54654
54656
54659
54660
54664
54666
54667
54668
54671
54674
54676
54678
54680
54681
54683
54684
54688
54692
54694
54699
54700
54703
54704
54705
54706
54709
54712
54713
54717
54718
54723
54730
54731
54733
54738
54744
54748
54753
54757
54759
54761
54762
54763
54771
54774
54778
54779
54782
54784
54789
54798
54799
54800
54801
54812
54814
54818
54820
54826
54830
54832
54835
54839
54842
54853
54859
54860
54862
54865
54867
54871
54874
54876
54878
54879
54882
54884
54891
54892
54897
54902
54903
54907
54908
54917
54919
54925
54930
54935
54936
54938
54945
54946
54947
54953
54963
54964
54967
54976
54993
54994
55010
55012
55019
55024
55031
55037
55039
55042
55045
55047
55049
55054
55070
55071
55075
55078
55081
55089
55090
55091
55094
55098
55099
55101
55110
55116
55117
55119
55122
55126
55127
55131
55132
55136
55138
55140
55146
55147
55148
55150
55151
55152
55153
55157
55160
55161
55162
55170
55173
55174
55175
55176
55179
55180
55186
55188
55189
55198
55201
55205
55207
55208
55210
55217
55218
55221
55224
55240
55243
55252
55254
55256
55258
55259
55261
55267
55275
55277
55278
55287
55288
55290
55293
55294
55299
55304
55305
55314
55320
55321
55327
55331
55333
55338
55344
55347
55348
55349
55350
55352
55355
55359
55361
55363
55365
55367
55374
55377
55378
55383
55384
55385
55394
55398
55399
55401
55402
55404
55408
55411
55416
55419
55422
55424
55426
55432
55438
55439
55442
55445
55447
55448
55449
55451
55452
55458
55461
55471
55475
55476
55477
55478
55479
55484
55491
55492
55501
55509
55510
55512
55526
55536
55543
55544
55545
55548
55549
55551
55557
55559
55560
55561
55562
55566
55570
55575
55582
55587
55588
55591
55594
55603
55604
55606
55610
55611
55616
55618
55619
55622
55625
55626
55627
55632
55637
55645
55649
55650
55652
55654
55657
55665
55670
55671
55677
55680
55682
55685
55687
55688
55691
55693
55698
55704
55708
55713
55718
55721
55724
55729
55730
55734
55735
55737
55739
55740
55745
55750
55751
55753
55754
55755
55759
55762
55764
55767
55769
55774
55779
55783
55786
55787
55789
55792
55797
55799
55800
55804
55805
55806
55807
55809
55810
55812
55814
55816
55821
55823
55831
55838
55844
55857
55860
55862
55866
55867
55872
55877
55881
55882
55890
55891
55893
55897
55903
55906
55911
55913
55917
55923
55927
55940
55941
55942
55944
55945
55946
55949
55956
55958
55959
55964
55965
55968
55971
55977
55985
56003
56004
56006
56009
56014
56018
56019
56028
56035
56039
56040
56041
56055
56062
56075
56076
56082
56084
56089
56092
56093
56094
56095
56096
56108
56110
56111
56122
56127
56128
56129
56132
56133
56139
56141
56143
56146
56149
56150
56153
56154
56156
56157
56162
56163
56165
56166
56168
56172
56173
56177
56178
56182
56183
56193
56195
56198
56199
56203
56207
56208
56209
56212
56222
56235
56239
56240
56243
56245
56250
56257
56260
56265
56268
56274
56279
56283
56284
56285
56296
56298
56301
56303
56313
56315
56317
56319
56320
56326
56327
56328
56331
56335
56338
56339
56340
56341
56343
56346
56347
56352
56358
56360
56363
56364
56366
56372
56373
56374
56377
56378
56391
56392
56398
56403
56405
56407
56411
56416
56425
56428
56430
56434
56435
56439
56441
56449
56450
56452
56458
56460
56465
56470
56480
56481
56484
56485
56488
56489
56492
56495
56496
56498
56501
56502
56507
56514
56523
56532
56533
56537
56539
56540
56543
56546
56547
56548
56549
56551
56556
56557
56566
56568
56571
56574
56578
56584
56586
56591
56593
56595
56598
56599
56602
56606
56617
56624
56627
56633
56636
56637
56638
56641
56643
56649
56656
56660
56669
56672
56679
56681
56684
56685
56687
56690
56691
56692
56696
56701
56702
56705
56706
56710
56713
56718
56726
56727
56728
56731
56738
56744
56747
56749
56750
56751
56764
56768
56779
56783
56784
56785
56786
56788
56792
56795
56796
56797
56799
56801
56805
56813
56814
56815
56816
56819
56822
56826
56829
56839
56845
56847
56848
56858
56862
56866
56868
56871
56874
56879
56890
56892
56893
56894
56896
56897
56905
56906
56912
56917
56919
56920
56923
56925
56933
56935
56936
56942
56944
56946
56952
56957
56958
56965
56968
56969
56976
56977
56978
56981
56987
56991
56992
56994
56996
56999
57007
57013
57018
57020
57026
57032
57036
57040
57042
57043
57044
57048
57053
57054
57060
57062
57066
57069
57070
57077
57080
57081
57087
57101
57102
57109
57121
57125
57127
57130
57131
57135
57137
57141
57144
57149
57151
57154
57156
57160
57163
57166
57167
57169
57171
57177
57179
57182
57184
57187
57189
57190
57196
57198
57200
57201
57205
57208
57210
57212
57217
57221
57230
57233
57238
57239
57244
57256
57260
57265
57271
57277
57280
57283
57287
57289
57291
57295
57296
57306
57322
57325
57326
57358
57363
57364
57365
57369
57380
57382
57385
57389
57391
57394
57399
57400
57402
57406
57407
57409
57415
57416
57417
57423
57424
57427
57428
57431
57432
57436
57437
57438
57441
57447
57448
57451
57452
57456
57459
57463
57464
57469
57472
57478
57479
57480
57484
57491
57496
57498
57500
57501
57506
57508
57513
57517
57518
57521
57524
57525
57526
57530
57532
57533
57536
57540
57546
57550
57551
57553
57555
57564
57567
57571
57573
57576
57582
57587
57590
57593
57596
57597
57598
57599
57601
57602
57603
57608
57616
57625
57637
57638
57646
57647
57648
57650
57651
57653
57655
57656
57659
57664
57677
57678
57681
57685
57686
57687
57690
57691
57695
57704
57706
57712
57713
57714
57716
57726
57728
57732
57733
57735
57736
57739
57744
57752
57760
57762
57767
57772
57775
57778
57783
57784
57798
57805
57806
57807
57808
57810
57819
57825
57831
57832
57833
57838
57841
57843
57844
57848
57858
57859
57863
57871
57874
57878
57879
57880
57881
57883
57892
57894
57900
57901
57902
57904
57908
57909
57916
57925
57927
57928
57932
57944
57946
57949
57953
57955
57956
57957
57958
57959
57963
57966
57980
57982
57983
57985
57986
57987
57992
57994
57996
58003
58004
58008
58011
58013
58021
58022
58025
58032
58034
58037
58038
58058
58059
58063
58064
58069
58074
58076
58078
58091
58094
58100
58102
58106
58110
58114
58115
58118
58126
58129
58132
58134
58140
58143
58145
58146
58147
58154
58160
58163
58170
58173
58185
58186
58188
58192
58193
58194
58195
58196
58202
58210
58216
58218
58225
58230
58232
58236
58241
58242
58243
58251
58252
58256
58261
58270
58272
58274
58276
58277
58292
58295
58298
58299
58300
58302
58303
58304
58305
58307
58315
58317
58321
58328
58330
58334
58335
58342
58349
58355
58356
58359
58366
58370
58371
58374
58377
58384
58387
58391
58397
58406
58407
58408
58419
58423
58426
58428
58432
58434
58435
58439
58442
58444
58445
58446
58451
58455
58457
58458
58460
58463
58466
58469
58473
58474
58484
58488
58490
58495
58499
58509
58511
58518
58519
58521
58523
58532
58533
58549
58552
58554
58555
58556
58558
58563
58565
58574
58576
58577
58578
58586
58588
58589
58596
58597
58603
58606
58607
58609
58613
58615
58617
58621
58623
58631
58632
58634
58638
58639
58645
58646
58648
58652
58655
58656
58657
58672
58687
58689
58696
58697
58704
58705
58706
58708
58713
58715
58718
58721
58722
58727
58728
58730
58731
58732
58737
58744
58746
58747
58752
58755
58762
58764
58768
58771
58777
58783
58784
58786
58791
58793
58801
58809
58811
58814
58821
58836
58844
58849
58850
58854
58859
58860
58861
58864
58866
58868
58877
58879
58883
58884
58885
58893
58894
58900
58904
58906
58908
58925
58927
58928
58941
58953
58955
58958
58961
58963
58972
58977
58981
58982
58983
58987
58988
58995
58996
58999
59001
59004
59009
59015
59017
59024
59026
59028
59030
59035
59036
59045
59052
59053
59054
59055
59056
59061
59063
59064
59069
59073
59076
59083
59090
59093
59094
59097
59098
59100
59101
59102
59106
59112
59114
59120
59121
59126
59127
59130
59132
59134
59136
59137
59140
59141
59142
59144
59147
59149
59150
59153
59168
59173
59174
59176
59178
59179
59187
59192
59193
59195
59197
59199
59201
59202
59204
59205
59207
59210
59212
59216
59217
59218
59222
59224
59225
59229
59236
59237
59239
59243
59249
59250
59263
59265
59266
59272
59275
59280
59282
59284
59286
59288
59291
59295
59296
59302
59305
59309
59311
59315
59317
59321
59322
59326
59327
59331
59340
59344
59346
59351
59352
59355
59356
59359
59360
59361
59364
59369
59375
59379
59382
59383
59384
59385
59388
59391
59392
59395
59400
59409
59419
59421
59427
59429
59432
59434
59437
59438
59441
59443
59450
59462
59466
59467
59469
59470
59476
59477
59479
59484
59489
59490
59491
59492
59493
59494
59501
59503
59505
59506
59510
59511
59513
59514
59518
59519
59521
59526
59528
59533
59535
59537
59540
59541
59542
59543
59544
59546
59548
59552
59561
59569
59570
59576
59582
59584
59591
59600
59601
59605
59608
59610
59613
59616
59617
59618
59624
59626
59630
59632
59633
59634
59640
59643
59648
59660
59661
59665
59666
59668
59670
59671
59678
59681
59687
59704
59711
59712
59713
59716
59720
59721
59724
59731
59735
59736
59737
59739
59745
59750
59753
59760
59761
59763
59764
59769
59771
59780
59783
59786
59789
59791
59794
59795
59805
59806
59810
59815
59818
59820
59823
59833
59835
59836
59837
59839
59842
59846
59847
59851
59855
59860
59867
59869
59871
59876
59883
59887
59890
59894
59895
59898
59903
59904
59905
59914
59915
59918
59920
59922
59923
59924
59927
59929
59930
59933
59936
59939
59943
59945
59948
59951
59961
59963
59965
59966
59976
59980
59982
59986
59987
59991
59993
59995
59996
60006
60010
60013
60014
60017
60022
60024
60025
60031
60041
60044
60045
60049
60052
60055
60059
60064
60066
60069
60071
60073
60078
60079
60080
60081
60086
60089
60101
60104
60105
60106
60112
60120
60125
60130
60134
60138
60139
60140
60141
60143
60146
60151
60152
60158
60167
60168
60172
60173
60174
60175
60180
60187
60196
60200
60204
60210
60211
60212
60213
60217
60223
60227
60240
60242
60243
60250
60256
60257
60263
60269
60275
60277
60283
60292
60295
60300
60304
60307
60308
60310
60316
60320
60321
60322
60337
60345
60347
60352
60353
60356
60358
60361
60363
60372
60373
60379
60387
60395
60396
60397
60404
60408
60417
60427
60434
60439
60445
60448
60452
60457
60460
60462
60466
60467
60471
60473
60476
60480
60482
60485
60488
60489
60494
60500
60514
60518
60521
60524
60533
60534
60540
60542
60545
60547
60552
60561
60562
60566
60569
60575
60585
60593
60594
60595
60598
60600
60609
60610
60613
60614
60623
60628
60635
60637
60640
60641
60643
60644
60645
60646
60650
60651
60661
60662
60665
60666
60668
60669
60676
60681
60685
60690
60692
60693
60695
60700
60703
60704
60705
60717
60722
60723
60724
60725
60726
60730
60733
60735
60736
60738
60739
60742
60744
60752
60761
60766
60771
60772
60777
60781
60782
60783
60784
60785
60786
60789
60793
60797
60800
60806
60812
60815
60818
60821
60822
60823
60824
60826
60828
60839
60840
60845
60847
60850
60856
60876
60883
60889
60893
60894
60895
60905
60912
60914
60915
60929
60935
60936
60938
60943
60944
60948
60952
60955
60956
60958
60961
60966
60969
60979
60985
60994
60999
61000
61002
61005
61007
61010
61013
61023
61029
61030
61032
61038
61041
61058
61060
61063
61070
61079
61093
61098
61103
61106
61107
61111
61113
61119
61122
61123
61126
61130
61134
61143
61144
61145
61146
61147
61148
61158
61161
61169
61170
61182
61191
61193
61199
61202
61205
61210
61224
61226
61227
61228
61229
61230
61235
61237
61240
61241
61245
61249
61259
61260
61264
61265
61276
61282
61284
61286
61295
61299
61302
61306
61307
61312
61316
61322
61323
61325
61329
61330
61338
61342
61349
61356
61357
61359
61361
61364
61366
61368
61369
61378
61383
61384
61386
61387
61398
61415
61416
61432
61434
61436
61439
61440
61442
61443
61444
61445
61446
61447
61448
61449
61450
61457
61458
61461
61462
61463
61468
61473
61483
61488
61497
61498
61499
61500
61501
61502
61505
61507
61509
61518
61520
61522
61532
61534
61535
61536
61538
61544
61551
61552
61553
61555
61563
61565
61566
61568
61569
61572
61574
61587
61590
61603
61607
61608
61610
61612
61614
61616
61621
61624
61631
61633
61636
61639
61644
61645
61646
61651
61652
61654
61658
61662
61663
61665
61674
61683
61687
61689
61692
61693
61717
61718
61720
61722
61725
61731
61735
61737
61743
61744
61752
61754
61758
61769
61770
61774
61778
61779
61781
61782
61785
61786
61789
61794
61795
61799
61800
61801
61806
61811
61816
61818
61822
61833
61834
61850
61859
61864
61869
61872
61873
61874
61877
61883
61892
61893
61897
61905
61908
61911
61915
61920
61923
61924
61931
61932
61934
61937
61946
61949
61950
61951
61955
61967
61969
61974
61978
61980
61984
61990
61995
61998
62004
62009
62013
62014
62025
62030
62031
62033
62034
62036
62038
62041
62044
62050
62051
62057
62062
62064
62069
62073
62076
62082
62084
62085
62086
62088
62089
62094
62095
62104
62108
62112
62116
62120
62122
62125
62127
62135
62136
62139
62140
62152
62153
62154
62155
62160
62161
62162
62164
62165
62167
62170
62171
62178
62179
62180
62182
62188
62191
62194
62197
62206
62207
62210
62214
62222
62225
62227
62230
62231
62235
62236
62239
62240
62248
62249
62256
62258
62259
62260
62261
62262
62266
62281
62292
62296
62297
62301
62305
62307
62308
62309
62321
62327
62328
62336
62341
62342
62346
62348
62355
62357
62360
62362
62366
62368
62369
62377
62379
62382
62388
62392
62394
62401
62409
62411
62413
62415
62421
62424
62427
62429
62432
62434
62437
62442
62443
62444
62453
62455
62456
62457
62458
62461
62462
62463
62466
62475
62479
62481
62484
62488
62490
62501
62504
62514
62521
62526
62530
62533
62539
62546
62550
62553
62557
62558
62560
62567
62572
62575
62576
62583
62588
62597
62600
62601
62611
62613
62622
62625
62631
62634
62637
62638
62643
62649
62665
62670
62671
62673
62675
62677
62683
62684
62691
62695
62700
62704
62712
62720
62721
62730
62736
62740
62741
62742
62743
62746
62747
62748
62755
62763
62765
62774
62776
62781
62782
62788
62790
62795
62796
62797
62802
62804
62807
62813
62816
62817
62831
62834
62836
62837
62842
62846
62855
62856
62857
62861
62862
62865
62872
62878
62879
62883
62887
62893
62898
62900
62907
62908
62910
62916
62918
62922
62923
62924
62926
62930
62933
62938
62940
62944
62951
62953
62957
62962
62964
62966
62970
62971
62974
62977
62978
62979
62980
62982
62984
62985
62987
62992
62996
62997
63001
63004
63007
63008
63016
63020
63030
63032
63040
63044
63049
63051
63054
63055
63056
63057
63066
63068
63072
63073
63074
63080
63088
63090
63091
63104
63109
63113
63121
63123
63127
63131
63132
63140
63144
63157
63161
63162
63164
63166
63179
63183
63187
63195
63197
63201
63203
63204
63208
63212
63214
63222
63223
63224
63234
63242
63244
63248
63250
63254
63256
63261
63263
63270
63276
63282
63285
63290
63292
63298
63299
63303
63305
63306
63309
63318
63322
63328
63334
63337
63346
63348
63351
63353
63355
63356
63358
63369
63371
63378
63379
63381
63383
63386
63387
63394
63398
63399
63402
63403
63404
63410
63412
63414
63418
63421
63422
63426
63430
63432
63433
63445
63446
63447
63449
63456
63457
63462
63463
63464
63471
63472
63473
63479
63481
63483
63486
63487
63490
63501
63505
63506
63511
63520
63535
63544
63556
63558
63559
63563
63565
63566
63567
63569
63575
63576
63581
63582
63588
63590
63591
63593
63601
63605
63606
63611
63613
63616
63620
63641
63646
63653
63656
63658
63661
63666
63668
63670
63671
63673
63678
63679
63683
63690
63700
63704
63705
63709
63712
63716
63717
63719
63721
63723
63725
63734
63737
63738
63740
63744
63751
63755
63779
63788
63792
63795
63797
63799
63805
63812
63815
63817
63819
63821
63826
63834
63836
63841
63849
63853
63854
63857
63858
63882
63885
63887
63897
63900
63901
63903
63908
63910
63913
63915
63918
63933
63942
63949
63951
63952
63955
63956
63961
63964
63965
63966
63967
63972
63977
63979
63982
63986
63987
63990
63993
63994
63995
64000
64001
64013
64025
64035
64039
64044
64046
64054
64055
64056
64069
64070
64071
64072
64073
64075
64076
64085
64099
64106
64112
64115
64116
64117
64121
64123
64130
64132
64134
64135
64138
64143
64154
64157
64159
64162
64168
64174
64182
64188
64190
64196
64202
64203
64206
64208
64213
64224
64228
64229
64234
64239
64240
64241
64249
64250
64251
64252
64254
64258
64262
64284
64285
64287
64290
64291
64297
64303
64307
64317
64318
64324
64325
64340
64344
64348
64358
64369
64373
64375
64381
64385
64386
64387
64388
64390
64396
64401
64405
64407
64413
64416
64422
64436
64437
64444
64445
64446
64448
64453
64455
64457
64458
64460
64461
64462
64467
64469
64473
64479
64483
64490
64491
64493
64494
64495
64498
64506
64513
64520
64530
64531
64532
64533
64536
64539
64540
64547
64552
64556
64561
64562
64564
64577
64583
64588
64591
64605
64607
64608
64616
64618
64620
64621
64632
64633
64635
64644
64645
64648
64649
64650
64652
64665
64667
64669
64675
64676
64686
64700
64707
64708
64709
64710
64713
64722
64726
64743
64756
64757
64759
64760
64764
64770
64776
64779
64782
64792
64798
64804
64805
64813
64814
64815
64819
64821
64825
64829
64833
64839
64850
64855
64859
64864
64868
64873
64875
64876
64882
64887
64892
64901
64904
64905
64908
64910
64914
64915
64917
64919
64923
64931
64941
64942
64945
64950
64959
64965
64969
64970
64971
64973
64974
64978
64979
64984
64985
64986
64994
64997
64998
64999
65003
65004
65007
65016
65023
65026
65027
65028
65038
65040
65046
65047
65048
65052
65053
65055
65058
65064
65067
65068
65069
65079
65085
65088
65098
65104
65106
65110
65114
65116
65120
65121
65125
65127
65132
65135
65137
65138
65139
65149
65152
65156
65157
65158
65161
65163
65165
65166
65170
65173
65174
65176
65181
65186
65189
65196
65197
65199
65202
65205
65207
65209
65210
65212
65214
65224
65230
65234
65238
65244
65248
65252
65253
65259
65261
65262
65264
65269
65274
65275
65279
65283
65284
65289
65290
65294
65297
65298
65306
65310
65313
65316
65321
65325
65326
65332
65334
65343
65346
65362
65372
65373
65389
65390
65392
65393
65394
65400
65402
65405
65416
65417
65418
65426
65442
65443
65451
65454
65455
65464
65467
65487
65491
65493
65495
65501
65520
65521
65523
65526
65529
65530
65531
65533
65534
65538
65540
65542
65546
65562
65567
65575
65581
65584
65601
65607
65608
65609
65611
65615
65618
65619
65620
65622
65625
65628
65635
65636
65637
65639
65640
65641
65651
65653
65655
65656
65660
65666
65667
65669
65672
65676
65677
65680
65687
65690
65691
65692
65694
65699
65701
65705
65707
65709
65711
65715
65716
65728
65730
65733
65743
65746
65758
65759
65764
65765
65771
65774
65775
65785
65788
65790
65793
65794
65804
65810
65817
65819
65826
65833
65835
65837
65841
65842
65843
65844
65846
65853
65856
65857
65861
65876
65878
65882
65883
65884
65885
65896
65901
65903
65905
65912
65914
65915
65921
65924
65927
65928
65932
65937
65944
65948
65949
65956
65960
65967
65975
65979
65982
65983
65987
65994
65997
65998
66001
66006
66012
66022
66031
66034
66035
66046
66047
66048
66051
66065
66070
66072
66084
66089
66095
66100
66107
66114
66115
66117
66127
66128
66135
66140
66143
66144
66150
66153
66155
66169
66171
66172
66176
66179
66183
66187
66188
66198
66200
66209
66218
66219
66220
66228
66233
66237
66245
66248
66251
66255
66275
66286
66289
66290
66291
66299
66301
66307
66308
66317
66319
66320
66326
66334
66336
66337
66338
66342
66347
66349
66350
66352
66354
66356
66360
66366
66370
66381
66400
66401
66412
66413
66418
66420
66424
66425
66431
66435
66438
66439
66441
66445
66457
66465
66467
66469
66470
66479
66480
66482
66487
66488
66491
66504
66505
66506
66511
66514
66515
66516
66524
66526
66528
66532
66537
66539
66540
66544
66549
66552
66553
66560
66562
66564
66569
66570
66571
66577
66581
66590
66592
66593
66594
66595
66598
66609
66612
66617
66628
66631
66633
66635
66643
66653
66655
66660
66663
66671
66675
66677
66686
66690
66691
66693
66695
66702
66703
66713
66725
66726
66728
66732
66743
66749
66751
66755
66756
66761
66762
66763
66765
66771
66778
66780
66781
66782
66783
66785
66788
66795
66799
66800
66810
66814
66828
66830
66832
66833
66840
66843
66844
66848
66849
66854
66856
66860
66861
66873
66880
66881
66885
66894
66905
66910
66912
66913
66915
66922
66923
66926
66931
66932
66944
66949
66955
66956
66960
66963
66968
66969
66979
66982
66983
66985
66986
66990
66992
66996
67010
67011
67020
67021
67030
67038
67044
67046
67054
67060
67074
67076
67082
67084
67091
67094
67100
67101
67102
67109
67114
67117
67128
67132
67137
67139
67142
67144
67152
67157
67160
67171
67177
67178
67180
67181
67182
67183
67184
67195
67196
67197
67198
67205
67206
67208
67217
67233
67234
67236
67240
67263
67264
67266
67267
67274
67278
67279
67283
67289
67290
67292
67293
67303
67304
67318
67324
67332
67334
67339
67344
67347
67351
67354
67355
67356
67358
67360
67375
67378
67385
67386
67388
67390
67394
67396
67401
67402
67403
67407
67418
67425
67426
67432
67440
67441
67442
67443
67447
67450
67453
67459
67464
67473
67475
67476
67479
67481
67486
67490
67505
67512
67515
67518
67519
67521
67523
67524
67525
67528
67537
67546
67547
67550
67558
67560
67582
67583
67585
67586
67587
67593
67594
67606
67607
67608
67615
67619
67622
67628
67630
67638
67640
67652
67657
67659
67669
67673
67678
67683
67688
67690
67697
67699
67708
67713
67714
67717
67723
67728
67731
67733
67740
67745
67752
67757
67759
67765
67766
67774
67775
67776
67780
67803
67817
67818
67828
67830
67832
67841
67850
67857
67865
67897
67906
67909
67911
67924
67926
67932
67934
67939
67940
67942
67943
67950
67951
67959
67964
67966
67979
67990
67991
67999
68008
68017
68019
68021
68024
68030
68033
68042
68043
68049
68052
68057
68059
68061
68065
68066
68070
68072
68079
68084
68085
68086
68097
68101
68103
68115
68117
68121
68124
68125
68134
68142
68146
68162
68163
68166
68168
68170
68171
68174
68175
68176
68181
68184
68186
68191
68196
68201
68207
68211
68214
68217
68220
68227
68229
68230
68231
68234
68251
68252
68272
68275
68277
68279
68290
68297
68298
68311
68314
68318
68323
68324
68326
68327
68328
68333
68338
68341
68342
68355
68356
68361
68362
68363
68367
68370
68372
68373
68388
68392
68393
68394
68397
68412
68413
68414
68417
68421
68422
68430
68431
68432
68434
68453
68461
68471
68481
68488
68490
68493
68494
68496
68498
68499
68500
68507
68515
68516
68522
68526
68527
68534
68537
68539
68548
68559
68560
68563
68568
68578
68579
68584
68585
68600
68605
68614
68618
68624
68625
68627
68636
68642
68645
68647
68650
68651
68653
68654
68659
68670
68671
68679
68688
68689
68693
68701
68705
68710
68711
68718
68719
68720
68730
68737
68738
68740
68741
68754
68761
68766
68769
68770
68776
68783
68791
68796
68804
68812
68822
68827
68828
68831
68833
68840
68845
68849
68851
68852
68858
68859
68860
68868
68870
68872
68873
68887
68889
68890
68892
68895
68897
68903
68905
68915
68916
68924
68929
68930
68931
68934
68943
68944
68952
68955
68956
68959
68962
68967
68968
68969
68980
68984
68990
68991
68995
68998
69013
69015
69016
69020
69021
69036
69040
69051
69052
69053
69058
69063
69064
69069
69075
69084
69086
69089
69090
69098
69104
69105
69112
69115
69128
69130
69140
69142
69143
69158
69159
69160
69169
69171
69177
69184
69186
69188
69190
69200
69207
69208
69219
69230
69235
69237
69243
69244
69251
69255
69260
69262
69264
69273
69274
69278
69285
69286
69293
69294
69297
69300
69301
69309
69310
69311
69329
69330
69335
69342
69344
69351
69353
69360
69364
69366
69367
69369
69374
69377
69386
69388
69389
69390
69392
69393
69397
69402
69405
69413
69423
69425
69426
69428
69429
69437
69444
69451
69453
69454
69458
69462
69463
69493
69494
69496
69498
69503
69504
69505
69512
69514
69515
69519
69528
69533
69538
69543
69546
69549
69551
69552
69553
69557
69561
69563
69567
69569
69572
69574
69577
69581
69586
69587
69589
69594
69613
69621
69628
69637
69638
69644
69657
69658
69660
69665
69668
69682
69683
69684
69685
69695
69701
69710
69714
69723
69727
69736
69740
69749
69750
69755
69765
69767
69769
69776
69777
69780
69781
69787
69795
69796
69798
69813
69814
69822
69827
69828
69830
69833
69838
69839
69840
69842
69843
69848
69856
69862
69867
69883
69885
69892
69893
69898
69899
69900
69904
69905
69909
69914
69918
69922
69923
69924
69942
69950
69961
69963
69964
69969
69977
69984
69987
69989
69996
70018
70020
70028
70029
70038
70040
70042
70052
70057
70063
70070
70072
70073
70078
70083
70089
70094
70097
70103
70106
70109
70111
70115
70120
70135
70138
70143
70145
70152
70157
70162
70164
70165
70173
70194
70197
70208
70209
70211
70219
70220
70221
70229
70235
70242
70243
70255
70262
70269
70271
70272
70278
70279
70290
70295
70297
70307
70313
70316
70321
70324
70335
70337
70342
70348
70363
70371
70376
70378
70382
70383
70392
70402
70410
70418
70419
70422
70426
70430
70433
70435
70438
70439
70444
70446
70448
70451
70453
70454
70458
70464
70469
70474
70476
70481
70484
70486
70496
70500
70505
70507
70508
70512
70514
70518
70524
70527
70530
70538
70543
70546
70552
70554
70558
70561
70566
70571
70572
70573
70574
70575
70591
70592
70598
70599
70602
70604
70605
70606
70613
70617
70623
70630
70634
70639
70641
70661
70664
70669
70673
70676
70679
70681
70683
70684
70692
70696
70699
70702
70703
70714
70717
70721
70725
70740
70743
70751
70755
70757
70780
70787
70808
70814
70817
70819
70822
70826
70827
70830
70834
70835
70836
70839
70842
70844
70845
70848
70853
70856
70857
70859
70861
70865
70876
70877
70880
70883
70884
70885
70892
70893
70899
70902
70904
70908
70923
70933
70939
70942
70946
70957
70958
70966
70971
70975
70987
70996
70997
70998
71001
71019
71023
71034
71040
71044
71046
71048
71049
71058
71061
71065
71070
71072
71078
71088
71093
71095
71096
71097
71100
71105
71106
71108
71118
71119
71122
71123
71126
71127
71128
71137
71139
71140
71143
71159
71160
71163
71166
71171
71181
71183
71184
71192
71195
71203
71204
71209
71211
71214
71222
71235
71245
71253
71256
71257
71262
71264
71265
71266
71276
71280
71282
71294
71296
71300
71305
71323
71325
71326
71328
71336
71339
71346
71348
71349
71357
71359
71364
71365
71366
71369
71370
71376
71383
71384
71390
71395
71405
71411
71414
71416
71420
71424
71425
71426
71428
71432
71436
71439
71442
71446
71456
71458
71460
71461
71462
71463
71466
71468
71474
71477
71479
71480
71483
71484
71488
71490
71495
71497
71499
71500
71502
71503
71516
71518
71521
71528
71530
71534
71540
71541
71542
71545
71550
71552
71565
71569
71570
71577
71586
71590
71592
71595
71597
71598
71600
71605
71612
71616
71626
71630
71637
71655
71670
71671
71680
71681
71684
71685
71690
71692
71708
71709
71710
71713
71715
71717
71737
71738
71739
71740
71743
71744
71746
71751
71756
71760
71763
71764
71765
71766
71769
71779
71781
71789
71790
71792
71803
71808
71813
71816
71817
71818
71822
71823
71828
71829
71830
71850
71852
71855
71857
71860
71861
71866
71878
71883
71899
71921
71925
71931
71943
71944
71946
71953
71960
71961
71962
71970
71972
71977
71978
71985
71986
72005
72010
72011
72014
72019
72020
72022
72029
72031
72038
72040
72046
72048
72051
72052
72057
72067
72070
72073
72075
72077
72089
72090
72091
72093
72096
72098
72100
72101
72109
72112
72113
72115
72122
72125
72128
72136
72141
72145
72146
72151
72152
72156
72162
72166
72174
72176
72178
72179
72184
72195
72198
72204
72218
72220
72221
72224
72227
72228
72240
72242
72244
72247
72249
72256
72272
72281
72292
72293
72295
72298
72299
72306
72307
72315
72316
72317
72322
72323
72329
72330
72332
72338
72339
72346
72349
72354
72364
72369
72370
72374
72378
72386
72388
72389
72399
72400
72404
72405
72414
72428
72432
72435
72442
72447
72457
72465
72467
72477
72485
72486
72499
72500
72504
72519
72522
72523
72529
72536
72541
72545
72546
72548
72553
72555
72557
72558
72560
72586
72597
72599
72600
72609
72622
72624
72627
72632
72642
72643
72657
72658
72662
72669
72677
72679
72686
72689
72693
72694
72702
72703
72708
72710
72712
72722
72730
72746
72755
72758
72762
72770
72775
72779
72790
72791
72801
72805
72806
72815
72826
72832
72833
72840
72844
72850
72852
72853
72860
72876
72886
72887
72888
72896
72903
72906
72910
72924
72930
72932
72939
72942
72957
72958
72959
72967
72974
72979
72992
73005
73013
73016
73025
73033
73045
73047
73052
73058
73068
73090
73095
73096
73097
73111
73114
73115
73121
73125
73132
73142
73143
73145
73165
73174
73176
73182
73185
73186
73192
73197
73199
73201
73205
73209
73210
73211
73223
73224
73227
73229
73231
73233
73237
73238
73246
73248
73258
73260
73261
73263
73285
73290
73307
73320
73329
73332
73336
73339
73341
73343
73344
73347
73348
73364
73367
73373
73374
73380
73385
73390
73391
73396
73404
73406
73408
73417
73423
73424
73428
73439
73445
73452
73455
73456
73462
73465
73467
73468
73482
73491
73495
73499
73512
73513
73517
73518
73533
73539
73541
73542
73546
73549
73552
73558
73574
73582
73583
73585
73589
73592
73594
73595
73597
73598
73606
73607
73608
73611
73613
73620
73624
73627
73629
73630
73635
73639
73640
73642
73652
73658
73664
73677
73681
73682
73685
73693
73694
73697
73698
73702
73703
73706
73720
73727
73731
73733
73735
73736
73737
73741
73746
73749
73754
73756
73764
73766
73769
73775
73777
73787
73797
73799
73802
73804
73817
73818
73819
73823
73825
73827
73829
73834
73847
73848
73855
73858
73863
73865
73866
73877
73879
73888
73897
73906
73912
73914
73916
73933
73934
73940
73943
73944
73950
73951
73954
73959
73962
73965
73967
73969
73977
73979
73982
73986
74004
74017
74026
74032
74037
74041
74043
74045
74050
74051
74055
74060
74068
74074
74087
74088
74092
74096
74103
74105
74122
74124
74125
74127
74132
74134
74135
74143
74144
74146
74148
74155
74157
74167
74171
74173
74180
74182
74188
74196
74197
74200
74201
74206
74216
74223
74227
74230
74241
74245
74246
74248
74253
74256
74270
74277
74280
74284
74293
74294
74308
74315
74319
74320
74321
74329
74345
74350
74352
74363
74369
74372
74379
74385
74393
74396
74399
74400
74403
74404
74409
74410
74411
74414
74416
74420
74428
74438
74441
74446
74448
74451
74452
74454
74479
74480
74483
74487
74496
74498
74502
74505
74508
74509
74524
74540
74554
74557
74558
74562
74563
74568
74571
74572
74574
74579
74582
74587
74588
74593
74596
74601
74606
74610
74614
74637
74639
74650
74666
74671
74673
74684
74694
74699
74700
74702
74710
74715
74719
74720
74722
74730
74735
74740
74745
74755
74756
74765
74767
74768
74790
74799
74806
74813
74817
74820
74821
74822
74824
74829
74839
74862
74864
74868
74872
74873
74875
74878
74881
74889
74897
74915
74920
74921
74927
74931
74937
74947
74949
74956
74957
74960
74962
74963
74965
74968
74973
74982
74983
74986
74988
74992
74995
75000
75013
75024
75048
75051
75053
75072
75073
75084
75085
75086
75089
75092
75094
75098
75100
75104
75106
75108
75110
75113
75114
75115
75119
75124
75125
75129
75132
75149
75150
75152
75153
75154
75159
75162
75166
75167
75191
75200
75216
75223
75230
75235
75244
75260
75262
75272
75277
75279
75281
75290
75294
75302
75305
75307
75313
75314
75322
75323
75328
75329
75332
75334
75336
75340
75341
75343
75345
75348
75349
75351
75352
75360
75367
75370
75375
75377
75380
75381
75384
75389
75393
75395
75398
75401
75413
75414
75419
75428
75430
75435
75440
75441
75444
75450
75457
75458
75459
75473
75475
75485
75490
75492
75497
75498
75503
75505
75507
75509
75512
75515
75530
75543
75559
75561
75566
75571
75576
75577
75579
75581
75587
75590
75594
75598
75600
75605
75607
75615
75620
75626
75635
75645
75647
75651
75652
75654
75656
75681
75695
75701
75704
75711
75714
75717
75721
75727
75729
75731
75740
75741
75742
75745
75747
75748
75749
75755
75759
75767
75768
75772
75781
75788
75798
75803
75809
75810
75811
75812
75821
75823
75827
75840
75842
75846
75851
75858
75861
75867
75874
75876
75879
75881
75887
75889
75898
75899
75902
75905
75907
75918
75926
75927
75931
75932
75940
75943
75959
75965
75969
75970
75971
75972
75976
75979
75980
75982
75983
75988
75993
75997
75998
75999
76012
76016
76017
76032
76035
76036
76043
76057
76062
76063
76068
76073
76074
76076
76080
76092
76102
76110
76111
76112
76119
76127
76134
76141
76142
76157
76159
76161
76177
76184
76186
76187
76189
76193
76211
76214
76225
76245
76262
76265
76266
76277
76280
76288
76289
76291
76293
76296
76299
76308
76309
76314
76323
76329
76335
76342
76356
76360
76362
76366
76367
76371
76372
76375
76383
76388
76393
76397
76398
76399
76405
76409
76412
76419
76430
76431
76432
76435
76436
76443
76456
76458
76466
76467
76470
76474
76475
76482
76495
76501
76506
76511
76512
76519
76520
76530
76531
76532
76533
76547
76548
76557
76558
76560
76589
76591
76592
76594
76605
76618
76622
76624
76636
76637
76640
76641
76642
76646
76647
76650
76663
76665
76666
76672
76673
76692
76695
76727
76729
76735
76739
76758
76760
76776
76780
76784
76788
76789
76790
76802
76803
76805
76808
76814
76825
76830
76833
76835
76859
76861
76864
76873
76874
76882
76895
76899
76901
76908
76911
76924
76928
76938
76940
76963
76964
76969
76980
76987
76988
76990
76991
76993
76995
76997
76999
77006
77036
77040
77041
77046
77052
77068
77069
77086
77094
77107
77109
77118
77127
77130
77136
77159
77166
77174
77175
77176
77179
77188
77190
77192
77208
77211
77213
77221
77231
77238
77253
77256
77257
77262
77264
77267
77268
77269
77271
77272
77273
77276
77277
77286
77289
77291
77292
77295
77307
77309
77312
77317
77318
77330
77333
77335
77338
77340
77347
77348
77352
77358
77364
77371
77375
77376
77383
77385
77392
77396
77397
77398
77405
77408
77423
77426
77442
77443
77445
77450
77453
77458
77459
77467
77475
77484
77500
77501
77505
77528
77533
77534
77542
77544
77549
77560
77562
77567
77573
77574
77584
77591
77594
77595
77596
77599
77601
77611
77618
77625
77627
77633
77645
77646
77649
77650
77653
77666
77672
77682
77687
77690
77702
77704
77706
77708
77717
77720
77721
77724
77727
77736
77739
77741
77753
77754
77787
77793
77796
77804
77808
77809
77818
77828
77834
77838
77839
77846
77859
77861
77864
77865
77874
77875
77879
77884
77885
77892
77893
77898
77903
77907
77912
77913
77916
77922
77925
77930
77931
77935
77938
77943
77947
77949
77950
77959
77980
77982
77987
77988
77989
77991
77993
77994
78012
78016
78018
78020
78024
78046
78050
78054
78056
78059
78060
78062
78067
78071
78072
78076
78078
78079
78080
78081
78091
78112
78113
78121
78123
78125
78129
78140
78144
78145
78148
78149
78151
78153
78155
78156
78157
78161
78162
78164
78166
78183
78185
78193
78194
78197
78198
78202
78208
78215
78224
78229
78236
78242
78244
78252
78256
78261
78265
78266
78268
78273
78274
78276
78282
78285
78286
78288
78297
78300
78301
78306
78313
78316
78319
78320
78332
78334
78365
78367
78377
78380
78395
78398
78400
78406
78413
78438
78440
78442
78443
78444
78455
78456
78472
78474
78477
78479
78486
78495
78497
78498
78503
78506
78534
78535
78548
78552
78555
78556
78566
78571
78573
78580
78589
78590
78596
78603
78610
78619
78622
78631
78655
78656
78657
78660
78662
78666
78675
78688
78701
78717
78723
78731
78738
78740
78741
78744
78749
78753
78759
78761
78766
78774
78775
78776
78781
78782
78789
78791
78802
78808
78810
78812
78823
78828
78830
78838
78839
78841
78842
78844
78858
78872
78873
78885
78887
78890
78895
78902
78903
78904
78909
78910
78911
78912
78913
78916
78920
78934
78961
78968
78971
78973
78975
78983
78988
79001
79008
79013
79033
79038
79041
79052
79054
79055
79057
79058
79061
79062
79091
79101
79107
79114
79118
79119
79128
79129
79133
79141
79149
79150
79156
79161
79174
79179
79182
79191
79196
79204
79211
79212
79213
79214
79217
79220
79226
79229
79230
79233
79245
79250
79251
79255
79262
79264
79265
79274
79278
79283
79293
79296
79299
79300
79301
79306
79307
79311
79314
79315
79324
79328
79338
79343
79347
79364
79371
79384
79386
79388
79391
79400
79410
79420
79427
79434
79438
79439
79440
79442
79449
79453
79460
79461
79467
79470
79475
79476
79480
79486
79496
79497
79498
79500
79503
79509
79516
79526
79533
79552
79563
79566
79568
79583
79593
79594
79597
79598
79606
79609
79611
79623
79628
79635
79637
79639
79640
79654
79657
79659
79667
79671
79684
79689
79699
79701
79706
79709
79717
79718
79719
79720
79722
79724
79739
79744
79748
79750
79751
79762
79770
79784
79793
79799
79801
79812
79822
79830
79835
79838
79842
79849
79852
79853
79859
79878
79886
79888
79897
79900
79904
79905
79906
79907
79912
79915
79916
79932
79941
79950
79951
79962
79964
79965
79976
79979
79985
79987
79991
79998
80018
80020
80021
80023
80025
80039
80041
80046
80052
80053
80062
80065
80066
80069
80074
80082
80086
80088
80092
80112
80114
80116
80120
80122
80127
80137
80158
80162
80164
80166
80170
80172
80186
80195
80197
80203
80205
80206
80208
80212
80221
80230
80241
80242
80246
80255
80265
80269
80287
80289
80291
80302
80307
80310
80313
80316
80325
80329
80332
80347
80350
80360
80365
80381
80391
80395
80398
80403
80419
80425
80426
80435
80438
80442
80447
80449
80450
80456
80466
80472
80473
80477
80479
80480
80494
80507
80513
80518
80519
80525
80533
80537
80549
80550
80566
80579
80583
80584
80587
80598
80600
80606
80611
80628
80630
80632
80636
80646
80652
80659
80661
80678
80681
80690
80692
80697
80702
80710
80711
80715
80719
80721
80723
80725
80726
80764
80804
80806
80807
80808
80810
80816
80817
80828
80832
80834
80837
80838
80847
80848
80853
80860
80861
80863
80867
80873
80878
80880
80882
80888
80899
80913
80920
80931
80946
80954
80955
80959
80960
80969
80970
80974
80985
80996
81002
81004
81012
81027
81038
81041
81042
81044
81046
81047
81049
81060
81064
81065
81067
81078
81088
81096
81103
81106
81107
81122
81125
81126
81128
81129
81130
81141
81149
81151
81159
81165
81168
81169
81170
81189
81194
81201
81203
81204
81206
81218
81222
81232
81235
81240
81252
81254
81259
81266
81267
81270
81276
81280
81282
81284
81288
81292
81300
81301
81305
81315
81316
81319
81336
81337
81340
81344
81351
81355
81359
81370
81372
81375
81378
81380
81410
81412
81414
81425
81433
81438
81442
81447
81461
81465
81467
81471
81474
81475
81476
81480
81487
81488
81499
81521
81523
81526
81530
81535
81544
81550
81551
81554
81555
81559
81570
81572
81576
81578
81580
81584
81586
81588
81610
81619
81628
81632
81637
81639
81646
81655
81663
81674
81676
81701
81702
81705
81726
81727
81732
81738
81743
81744
81747
81748
81751
81760
81765
81796
81805
81806
81809
81815
81821
81831
81850
81859
81860
81867
81870
81883
81897
81900
81902
81905
81907
81922
81930
81932
81933
81937
81946
81948
81954
81958
81972
81981
81982
81984
81987
81994
81995
82007
82008
82010
82012
82015
82017
82024
82025
82033
82061
82066
82073
82075
82077
82078
82081
82082
82091
82094
82097
82104
82105
82106
82109
82113
82118
82120
82127
82131
82136
82139
82142
82143
82145
82149
82150
82153
82156
82170
82191
82210
82216
82217
82233
82240
82243
82244
82247
82248
82253
82254
82268
82276
82290
82293
82296
82298
82301
82306
82316
82319
82334
82337
82340
82344
82347
82353
82363
82364
82378
82380
82382
82397
82399
82414
82418
82419
82420
82425
82427
82442
82446
82450
82455
82478
82488
82507
82509
82512
82514
82515
82518
82519
82520
82522
82525
82534
82543
82548
82551
82552
82573
82574
82586
82588
82590
82596
82597
82602
82604
82608
82611
82613
82614
82627
82635
82637
82651
82655
82666
82677
82682
82693
82696
82697
82699
82702
82705
82707
82711
82715
82718
82721
82734
82735
82738
82739
82751
82757
82760
82764
82778
82785
82799
82801
82817
82819
82821
82822
82833
82837
82848
82857
82864
82866
82868
82873
82874
82878
82883
82884
82885
82898
82915
82923
82945
82951
82968
82975
82994
83009
83017
83024
83032
83035
83046
83047
83073
83075
83079
83081
83082
83083
83090
83091
83092
83093
83107
83108
83109
83113
83119
83123
83124
83132
83141
83153
83156
83159
83162
83173
83184
83188
83192
83193
83197
83199
83207
83208
83209
83216
83223
83229
83234
83237
83238
83243
83255
83264
83270
83271
83273
83289
83291
83297
83300
83309
83317
83327
83331
83336
83337
83338
83342
83345
83353
83358
83374
83376
83382
83389
83391
83392
83399
83404
83415
83416
83421
83422
83428
83429
83441
83442
83449
83452
83456
83491
83497
83500
83506
83508
83515
83524
83527
83539
83545
83548
83554
83561
83569
83579
83581
83584
83588
83589
83594
83597
83601
83602
83603
83604
83608
83628
83638
83646
83647
83648
83661
83671
83676
83678
83697
83700
83702
83704
83708
83720
83728
83729
83739
83742
83749
83750
83753
83754
83756
83760
83764
83777
83782
83783
83797
83818
83827
83831
83837
83839
83842
83854
83855
83859
83862
83863
83871
83876
83889
83893
83899
83901
83907
83908
83915
83916
83918
83924
83926
83934
83935
83944
83945
83946
83960
83968
83980
83984
83992
83999
84013
84014
84023
84025
84031
84036
84046
84049
84058
84063
84064
84066
84068
84073
84086
84091
84100
84107
84109
84124
84137
84140
84142
84157
84169
84170
84171
84203
84204
84207
84211
84222
84223
84227
84228
84234
84237
84246
84247
84250
84254
84260
84262
84270
84271
84278
84281
84282
84283
84286
84290
84294
84321
84334
84338
84341
84344
84350
84373
84379
84381
84389
84392
84394
84395
84401
84406
84415
84426
84428
84429
84441
84444
84452
84457
84461
84469
84481
84483
84485
84487
84489
84503
84505
84519
84524
84527
84529
84532
84533
84537
84549
84554
84558
84563
84569
84572
84583
84584
84585
84591
84595
84599
84607
84613
84640
84648
84652
84680
84682
84683
84701
84702
84713
84718
84721
84722
84724
84728
84734
84736
84737
84743
84747
84748
84755
84761
84766
84769
84770
84776
84780
84787
84794
84809
84810
84811
84812
84818
84821
84822
84824
84828
84829
84830
84831
84832
84840
84855
84862
84864
84865
84881
84903
84904
84913
84921
84922
84941
84946
84949
84953
84955
84957
84969
84976
84979
84980
84983
84984
84990
85000
85010
85027
85033
85038
85039
85043
85047
85050
85054
85058
85060
85062
85070
85071
85073
85076
85091
85092
85093
85099
85104
85110
85111
85116
85127
85146
85148
85151
85152
85154
85155
85173
85175
85176
85177
85180
85184
85188
85191
85195
85201
85207
85212
85213
85217
85220
85235
85238
85249
85250
85275
85279
85286
85295
85312
85317
85322
85331
85335
85339
85348
85349
85354
85364
85369
85376
85392
85402
85403
85413
85416
85429
85445
85460
85467
85469
85491
85492
85497
85501
85514
85529
85541
85545
85548
85556
85561
85562
85565
85569
85572
85574
85578
85587
85590
85596
85606
85612
85616
85617
85634
85643
85646
85647
85653
85658
85661
85675
85676
85693
85704
85712
85713
85728
85745
85756
85760
85776
85778
85786
85789
85793
85798
85802
85807
85825
85829
85840
85860
85864
85873
85880
85881
85884
85889
85897
85899
85901
85903
85906
85917
85926
85927
85928
85943
85946
85948
85949
85957
85963
85964
85967
85973
85978
85992
85993
86007
86010
86025
86029
86030
86031
86037
86047
86048
86076
86088
86090
86097
86105
86106
86113
86124
86131
86132
86145
86155
86159
86180
86188
86202
86213
86216
86222
86223
86224
86235
86236
86243
86249
86250
86260
86263
86272
86287
86291
86297
86323
86327
86328
86344
86353
86370
86374
86379
86391
86403
86409
86412
86420
86422
86423
86435
86439
86456
86462
86464
86466
86473
86474
86475
86499
86504
86506
86520
86528
86532
86533
86542
86549
86558
86561
86579
86583
86588
86590
86595
86618
86619
86629
86647
86657
86659
86660
86667
86691
86692
86694
86698
86704
86706
86707
86716
86718
86725
86735
86739
86746
86757
86763
86771
86775
86776
86779
86788
86790
86791
86792
86817
86821
86827
86829
86842
86844
86851
86858
86876
86879
86891
86893
86897
86900
86914
86918
86920
86924
86932
86933
86936
86944
86951
86954
86965
86971
86979
86980
86987
86996
86999
87011
87024
87029
87035
87036
87039
87045
87047
87060
87068
87072
87079
87091
87093
87095
87110
87114
87115
87117
87120
87124
87129
87131
87133
87137
87139
87149
87151
87157
87160
87162
87165
87167
87195
87212
87219
87222
87233
87239
87244
87246
87263
87265
87269
87270
87273
87277
87282
87285
87296
87301
87306
87317
87336
87337
87338
87339
87341
87343
87351
87352
87376
87377
87388
87391
87394
87395
87396
87398
87400
87405
87406
87411
87413
87425
87449
87465
87474
87487
87494
87495
87502
87504
87511
87526
87528
87529
87531
87539
87560
87569
87572
87578
87591
87598
87603
87618
87620
87624
87625
87629
87631
87632
87636
87637
87642
87643
87663
87664
87674
87680
87695
87699
87706
87716
87730
87735
87743
87749
87750
87754
87755
87766
87769
87772
87774
87789
87793
87796
87800
87801
87805
87808
87816
87819
87823
87825
87826
87831
87839
87843
87846
87847
87852
87871
87874
87880
87881
87883
87885
87888
87898
87904
87912
87920
87922
87941
87948
87956
87965
87968
87983
87986
87987
87990
87994
88001
88002
88003
88013
88019
88026
88029
88036
88048
88051
88057
88059
88061
88064
88081
88086
88087
88091
88093
88094
88102
88104
88105
88110
88112
88117
88125
88126
88130
88133
88144
88154
88156
88183
88216
88219
88239
88244
88250
88259
88263
88273
88276
88281
88292
88297
88305
88307
88327
88338
88341
88342
88346
88352
88353
88355
88362
88367
88373
88374
88396
88408
88409
88413
88417
88433
88435
88450
88453
88460
88461
88463
88464
88466
88472
88473
88474
88476
88485
88495
88500
88501
88514
88530
88544
88546
88548
88558
88559
88562
88565
88579
88587
88592
88594
88601
88603
88613
88620
88624
88626
88639
88641
88644
88651
88652
88656
88663
88664
88668
88670
88677
88679
88681
88683
88693
88708
88709
88711
88712
88716
88719
88724
88728
88739
88742
88749
88760
88763
88766
88777
88778
88779
88781
88787
88797
88798
88805
88817
88818
88820
88830
88842
88844
88851
88863
88865
88882
88887
88892
88895
88905
88913
88918
88921
88923
88925
88929
88933
88945
88946
88949
88965
88967
88969
88989
88992
88995
88997
89001
89013
89016
89021
89028
89035
89037
89050
89067
89076
89077
89082
89086
89091
89093
89120
89121
89123
89129
89130
89133
89138
89141
89147
89150
89153
89157
89158
89167
89187
89192
89202
89207
89211
89212
89221
89222
89227
89229
89230
89234
89237
89239
89240
89241
89254
89258
89266
89268
89269
89274
89285
89288
89290
89291
89299
89303
89308
89314
89320
89325
89345
89348
89349
89361
89365
89370
89382
89385
89391
89392
89398
89399
89403
89408
89413
89428
89434
89435
89443
89449
89450
89457
89461
89474
89478
89484
89485
89486
89489
89501
89502
89506
89508
89528
89539
89554
89558
89562
89577
89583
89595
89600
89607
89609
89615
89621
89624
89629
89637
89639
89642
89644
89654
89655
89657
89668
89674
89680
89687
89691
89707
89711
89712
89729
89734
89744
89752
89759
89766
89768
89780
89782
89784
89790
89792
89798
89799
89810
89814
89822
89823
89824
89841
89842
89845
89848
89871
89884
89887
89897
89899
89901
89903
89913
89916
89923
89931
89950
89952
89976
89978
89994
89995
89999
90006
90007
90008
90010
90027
90054
90058
90061
90062
90069
90072
90075
90078
90101
90111
90118
90120
90121
90130
90137
90147
90151
90162
90166
90174
90180
90203
90208
90216
90220
90229
90233
90239
90242
90250
90254
90258
90263
90267
90268
90270
90275
90277
90278
90292
90293
90294
90300
90307
90310
90344
90345
90346
90356
90374
90381
90387
90390
90399
90402
90404
90410
90411
90416
90423
90430
90433
90434
90454
90456
90458
90459
90468
90472
90473
90474
90493
90500
90508
90515
90522
90529
90538
90540
90563
90574
90575
90577
90583
90592
90597
90599
90601
90603
90608
90613
90614
90615
90622
90639
90649
90651
90656
90661
90679
90680
90681
90702
90715
90720
90741
90743
90745
90758
90765
90767
90776
90777
90785
90808
90809
90813
90820
90829
90832
90854
90881
90882
90912
90916
90922
90927
90936
90939
90949
90956
90960
90966
90968
90982
90991
91010
91015
91027
91036
91039
91046
91048
91050
91053
91062
91066
91068
91078
91087
91090
91092
91094
91096
91097
91100
91103
91106
91112
91115
91142
91146
91153
91159
91173
91174
91175
91197
91204
91207
91210
91224
91225
91229
91240
91243
91249
91255
91284
91291
91293
91303
91305
91307
91310
91314
91317
91319
91322
91330
91332
91338
91339
91340
91341
91345
91348
91349
91360
91361
91377
91380
91386
91438
91439
91451
91453
91459
91463
91469
91472
91480
91485
91491
91496
91508
91514
91523
91533
91536
91551
91552
91560
91566
91570
91577
91600
91614
91634
91662
91676
91690
91696
91700
91706
91708
91720
91723
91729
91744
91748
91749
91752
91753
91759
91763
91786
91794
91818
91826
91827
91828
91829
91834
91835
91843
91851
91856
91863
91865
91867
91880
91881
91893
91894
91896
91904
91909
91910
91928
91929
91938
91947
91954
91963
91967
91968
91979
91986
91991
91993
92004
92015
92021
92029
92036
92038
92042
92043
92049
92062
92068
92079
92085
92096
92120
92122
92128
92137
92140
92141
92154
92157
92167
92169
92177
92188
92200
92213
92217
92226
92230
92233
92234
92241
92245
92251
92254
92257
92258
92260
92272
92277
92278
92284
92299
92303
92306
92307
92314
92320
92321
92323
92325
92334
92340
92360
92386
92387
92390
92395
92400
92409
92413
92418
92420
92421
92428
92435
92464
92466
92469
92478
92509
92517
92523
92525
92527
92535
92536
92538
92544
92549
92554
92556
92564
92568
92572
92578
92579
92580
92582
92586
92592
92606
92607
92614
92624
92626
92627
92628
92629
92630
92636
92649
92683
92684
92685
92693
92701
92706
92714
92716
92719
92730
92733
92741
92743
92745
92746
92751
92754
92778
92781
92789
92794
92820
92824
92825
92830
92831
92850
92854
92857
92863
92869
92874
92880
92883
92903
92923
92926
92927
92935
92947
92950
92954
92955
92958
92959
92969
92978
92991
93004
93007
93008
93014
93015
93017
93028
93039
93050
93058
93062
93073
93075
93077
93087
93090
93102
93111
93114
93116
93117
93142
93144
93146
93152
93156
93169
93170
93171
93183
93188
93195
93227
93237
93240
93243
93250
93254
93261
93299
93302
93306
93307
93332
93335
93352
93375
93382
93393
93395
93401
93409
93418
93424
93434
93436
93450
93451
93465
93467
93471
93475
93485
93490
93494
93497
93500
93502
93503
93515
93526
93527
93528
93530
93531
93533
93542
93550
93552
93558
93574
93577
93582
93584
93587
93590
93598
93613
93619
93620
93622
93630
93641
93643
93648
93655
93666
93669
93678
93699
93730
93732
93742
93743
93744
93761
93763
93772
93777
93783
93813
93815
93824
93827
93833
93840
93851
93868
93873
93884
93891
93920
93940
93947
93964
93966
93968
93974
93980
93982
93988
94005
94023
94027
94030
94038
94050
94059
94061
94064
94076
94088
94090
94106
94112
94113
94127
94132
94139
94159
94170
94171
94183
94203
94205
94207
94214
94229
94231
94246
94249
94266
94269
94273
94287
94291
94305
94323
94327
94361
94362
94381
94392
94394
94402
94403
94411
94413
94418
94426
94428
94437
94450
94453
94454
94461
94462
94463
94466
94474
94475
94476
94492
94498
94504
94505
94507
94513
94519
94528
94534
94537
94538
94540
94542
94554
94558
94587
94601
94603
94607
94612
94629
94641
94649
94658
94674
94675
94679
94682
94695
94704
94708
94709
94714
94715
94718
94720
94721
94722
94745
94751
94762
94766
94787
94796
94803
94807
94827
94850
94856
94858
94865
94877
94889
94890
94892
94901
94902
94916
94934
94935
94939
94946
94951
94956
94964
94969
94976
94986
94990
95003
95010
95011
95013
95015
95017
95028
95029
95035
95041
95049
95072
95074
95081
95085
95086
95104
95105
95108
95109
95110
95113
95119
95130
95140
95146
95151
95161
95164
95170
95178
95183
95185
95202
95216
95222
95225
95231
95245
95247
95249
95252
95257
95258
95267
95285
95297
95299
95313
95318
95319
95326
95333
95341
95350
95352
95355
95364
95372
95374
95389
95390
95395
95404
95422
95427
95449
95456
95462
95464
95471
95513
95516
95518
95519
95523
95532
95539
95540
95545
95547
95553
95554
95569
95573
95579
95585
95599
95603
95605
95624
95625
95629
95631
95637
95641
95648
95650
95651
95662
95682
95686
95692
95693
95694
95709
95815
117788
148297
148355
148504
148809
148953
148981
149106
149142
149247
149624
149819
149833
149837
149983
150106
150129
150256
150457
150913
150922
151006
151121
151339
151753
151783
152127
152195
152361
152632
152900
153035
153065
153182
153196
153219
153228
153243
153373
153374
153533
153761
153825
153980
154074
154102
154352
154532
154548
154642
154782
154819
154845
154848
155029
155059
155140
155171
155232
155254
155311
155312
155342
155361
155389
155448
155626
155721
155760
155793
155837
156103
156138
156179
156240
156377
156462
156525
156722
156766
156804
156869
156936
156994
157017
157085
157105
157157
157362
157443
157489
157502
157536
157702
157805
157836
157851
157855
157903
157997
158093
158219
158290
158410
158424
158480
158548
159029
159034
159097
159098
159102
159144
159176
159198
159213
159272
159274
159298
159314
159405
159409
159505
159525
159548
159567
159573
159599
159637
159646
159676
159682
159767
159816
159856
159870
159963
160054
160056
160103
160235
160257
160263
160271
160311
160320
160330
160351
160357
160420
160462
160499
160580
160609
160668
160696
160719
160746
160757
160784
160793
160835
160845
160933
160999
161057
161069
161157
161158
161180
161204
161234
161265
161272
161305
161321
161371
161398
161560
161574
161619
161629
161690
161723
161762
161805
161811
161880
161934
161956
161964
161999
162098
162159
162163
162172
162177
162220
162237
162279
162281
162282
162296
162298
162331
162345
162347
162368
162373
162434
162462
162479
162631
162711
162869
162889
162918
162922
162929
162934
163046
163103
163119
163235
163251
163380
163409
163430
163487
163514
163652
163691
163698
163726
163752
163753
163763
163768
163769
163830
163888
163926
163990
164081
164149
164180
164201
164213
164224
164229
164235
164238
164242
164263
164283
164288
164292
164331
164434
164436
164500
164637
164643
164713
164807
164844
164864
164993
164998
165119
165151
165188
165208
165209
165218
165277
165362
165386
165393
165403
165522
165534
165710
165748
165770
165771
165788
165906
165923
165951
166027
166034
166041
166087
166091
166096
166144
166168
166239
166342
166354
166367
166429
166480
166499
166544
166579
166666
166704
166719
166852
166865
166875
166901
166967
166989
166993
166997
167054
167072
167167
167251
167269
167368
167373
167475
167494
167591
167628
167768
167917
167928
167930
168001
168052
168091
168139
168227
168441
168466
168531
168602
168635
168726
168798
168844
168859
168914
168975
168977
169056
169100
169103
169111
169143
169189
169246
169286
169379
169553
169614
169629
169675
169917
169977
169980
170044
170046
170239
170247
170253
170264
170277
170286
170313
170356
170454
170496
170546
170623
170661
170729
170800
170812
170841
170850
171017
171083
171092
171216
171227
171253
171270
171277
171417
171446
171454
171458
171499
171546
171573
171588
171601
171629
171665
171690
171806
171833
171855
171970
171989
172064
172089
172100
172174
172258
172281
172285
172299
172300
172373
172499
172503
172553
172617
172707
172809
172828
172840
172880
172889
172941
173035
173068
173072
173137
173175
173206
173209
173229
173264
173275
173348
173382
173392
173458
173464
173467
173477
173495
173519
173533
173534
173618
173656
173660
173688
173759
173775
173784
173825
173838
173844
173970
173976
174094
174282
174415
174448
174476
174503
174546
174548
174551
174567
174608
174620
174637
174656
174779
174843
174945
174986
175030
175032
175080
175105
175194
175230
175256
175260
175267
175310
175454
175473
175565
175625
175736
175830
175883
176013
176051
176109
176113
176187
176191
176217
176313
176381
176441
176443
176563
176577
176585
176913
176925
177012
177026
177029
177107
177164
177174
177209
177272
177273
177285
177460
177470
177519
177563
177614
177704
177722
177811
177884
177891
177975
177996
178059
178096
178138
178163
178185
178253
178294
178310
178350
178389
178393
178399
178466
178478
178490
178504
178599
178691
178708
178709
178748
178951
178973
178988
178995
179006
179011
179051
179108
179165
179175
179245
179258
179335
179403
179494
179499
179561
179583
179588
179700
179701
179742
179787
179810
179889
179909
179914
179928
179932
180022
180133
180161
180202
180308
180415
180526
180572
180657
180758
180826
180842
180876
180940
181029
181132
181189
181197
181264
181299
181352
181394
181429
181432
181479
181502
181605
181610
181636
181687
181693
181701
181715
181717
181729
181746
181749
181796
181836
181879
181899
181967
182085
182102
182164
182188
182239
182262
182287
182309
182329
182383
182384
182389
182660
182666
182918
182971
183119
183133
183149
183163
183178
183204
183233
183264
183397
183413
183430
183465
183487
183505
183515
183529
183536
183612
183704
183724
183747
183915
183922
184052
184074
184105
184110
184117
184124
184203
184207
184290
184344
184424
184450
184595
184597
184645
184739
184779
184802
184825
184845
184861
184994
185038
185045
185046
185082
185113
185155
185191
185199
185208
185241
185248
185257
185336
185338
185356
185369
185420
185501
185504
185570
185705
185728
185847
185849
185886
186020
186025
186038
186098
186113
186114
186121
186168
186198
186204
186210
186292
186360
186444
186460
186519
186674
186721
186771
186881
186903
187071
187108
187113
187130
187157
187168
187221
187343
187377
187385
187492
187497
187525
187607
187625
187629
187774
187787
187793
187813
187815
187825
187840
187926
187928
187979
188046
188050
188073
188228
188239
188252
188288
188294
188303
188335
188379
188388
188420
188444
188460
188493
188553
188596
188703
188714
188770
188774
188782
188865
188875
188912
188921
189031
189068
189108
189221
189333
189402
189422
189439
189523
189551
189552
189621
189628
189641
189665
189666
189674
189703
189743
189746
189784
189810
189811
189908
189948
189975
190137
190153
190213
190312
190528
190590
190616
190627
190632
190666
190694
190711
190728
190751
190848
190896
190944
190992
191100
191145
191161
191241
191278
191279
191281
191302
191312
191356
191406
191427
191518
191521
191530
191624
191707
191734
191751
191771
191833
191924
191945
192023
192029
192063
192064
192081
192092
192103
192104
192116
192240
192269
192315
192317
192323
192324
192325
192354
192403
192405
192433
192465
192493
192495
192550
192565
192596
192622
192649
192654
192660
192669
192676
192710
192806
192827
192863
192898
192917
193029
193037
193065
193119
193151
193260
193279
193288
193406
193442
193444
193450
193471
193563
193648
193706
193767
193770
193873
193881
193890
193988
194002
194042
194104
194121
194162
194167
194173
194234
194276
194292
194349
194379
194417
194437
194458
194595
194612
194619
194669
194695
194703
194892
194933
195080
195100
195108
195125
195344
195397
195417
195476
195603
195635
195704
195709
195721
195816
195941
195942
196070
196092
196093
196198
196213
196215
196265
196307
196326
196351
196380
196408
196422
196440
196521
196532
196598
196635
196666
196669
196702
196712
196718
196780
196822
196829
196934
197005
197012
197062
197069
197083
197245
197386
197390
197407
197465
197483
197528
197583
197593
197611
197662
197668
197730
197776
197866
197955
198076
198118
198138
198178
198262
198265
198267
198346
198347
198390
198437
198546
198560
198584
198604
198611
198619
198688
198690
198748
198798
198826
198842
198870
198885
198887
198926
198929
198941
199042
199110
199138
199156
199189
199194
199214
199319
199419
199484
199501
199525
199565
199587
199671
199702
199745
199771
199776
199823
199844
199860
199986
200116
200143
200233
200275
200309
200310
200428
200494
200560
200649
200702
200748
200755
200826
200880
200904
200924
201011
201057
201069
201113
201179
201246
201338
201388
201397
201403
201431
201457
201502
201503
201509
201519
201521
201524
201608
201650
201691
201699
201757
201788
201860
201949
201975
201994
202065
202067
202096
202099
202175
202213
202242
202280
202385
202570
202575
202643
202776
202845
202865
202906
203020
203073
203076
203113
203127
203215
203216
203272
203329
203349
203417
203430
203474
203481
203710
203742
203819
203960
203996
204026
204048
204116
204203
204233
204277
204399
204490
204513
204526
204601
204665
204744
204756
204870
204874
204930
204942
204948
204980
204993
205057
205080
205119
205155
205213
205241
205295
205316
205330
205340
205396
205542
205593
205599
205628
205659
205665
205674
205847
205848
205890
205931
205940
205941
206028
206104
206136
206262
206331
206352
206409
206422
206491
206598
206678
206757
206813
206848
206851
206880
206883
206911
207083
207155
207254
207273
207332
207388
207434
207451
207461
207468
207515
207597
207655
207678
207697
207745
207749
207751
207860
207892
207897
208064
208087
208111
208116
208128
208149
208159
208171
208207
208343
208387
208420
208436
208473
208559
208567
208597
208610
208654
208691
208719
208768
208781
208811
208877
208912
208974
208977
209011
209062
209097
209101
209172
209188
209218
209248
209269
209280
209302
209313
209362
209446
209641
209734
209764
209791
209889
209893
209904
209917
209919
209933
209938
209945
209959
209963
210053
210119
210141
210219
210236
210373
210462
210490
210690
210719
210730
210797
210811
210905
210933
210937
210939
211001
211020
211129
211171
211178
211206
211271
211322
211614
211632
211758
211821
211865
211870
211902
211952
212002
212013
212016
212073
212153
212170
212192
212218
212313
212421
212425
212525
212566
212683
212725
212846
212851
212859
212866
212879
212918
213025
213112
213150
213158
213159
213324
213369
213382
213437
213458
213510
213642
213643
213648
213672
213681
213713
213720
213742
213749
213756
213821
213903
213923
213934
213952
214014
214029
214056
214058
214144
214381
214405
214417
214497
214626
214679
214714
214852
215096
215120
215144
215150
215167
215201
215242
215267
215326
215330
215332
215335
215395
215413
215475
215495
215506
215820
215893
215912
215930
215957
215981
216046
216125
216129
216130
216434
216532
216618
216831
216937
217035
217051
217115
217158
217204
217231
217245
217311
217322
217367
217369
217433
217527
217534
217539
217559
217634
217661
217692
217774
217794
217796
217843
217866
217915
218022
218112
218147
218153
218271
218382
218405
218528
218533
218581
218853
218989
219063
219067
219068
219136
219161
219185
219199
219224
219274
219284
219381
219397
219426
219530
219565
219573
219575
219681
219688
219755
219778
219779
219786
219812
219822
219833
219970
219974
220024
220121
220246
220383
220441
220457
220491
220493
220497
220597
220617
220660
220761
220770
220788
220981
220993
221044
221144
221155
221169
221176
221224
221229
221235
221306
221362
221457
221544
221599
221612
221685
221719
221845
221847
221948
221993
222012
222041
222064
222090
222110
222160
222185
222206
222220
222221
222222
222280
222329
222387
222406
222452
222453
222454
222534
222568
222583
222693
222747
222767
222812
222836
222840
222843
222962
223055
223148
223172
223191
223219
223246
223395
223496
223528
223573
223778
223876
223943
224024
224045
224084
224131
224195
224217
224218
224316
224329
224417
224470
224576
224603
224681
224763
224795
224800
224804
224812
224851
224919
224960
224980
224994
224998
225004
225175
225181
225240
225246
225252
225271
225280
225285
225292
225358
225365
225487
225518
225565
225588
225612
225666
225753
225762
225769
225793
225802
225803
225820
225822
225824
225862
225872
225885
225906
225913
225948
225977
226001
226038
226136
226185
226190
226226
226243
226304
226319
226325
226335
226350
226627
226654
226655
226663
226665
226671
226760
226796
226857
226922
226929
226997
227002
227025
227101
227146
227180
227512
227521
227523
227564
227565
227682
227818
227841
227913
227923
227931
227950
228067
228133
228153
228181
228183
228208
228264
228361
228369
228399
228427
228450
228521
228538
228539
228722
228734
228747
228753
228769
228901
229021
229054
229061
229280
229302
229340
229360
229363
229387
229400
229436
229453
229474
229503
229532
229575
229584
229618
229793
229845
229870
229979
230002
230055
230100
230140
230178
230198
230281
230380
230435
230448
230501
230544
230590
230614
230737
230758
230803
230870
230938
231010
231064
231109
231164
231182
231252
231292
231340
231361
231416
231442
231459
231510
231665
231668
231743
231753
231764
231787
231807
231830
231834
231853
231956
232001
232035
232044
232170
232177
232182
232224
232262
232392
232393
232396
232413
232624
232659
232711
232749
232757
232761
232857
232865
232870
232940
232995
233021
233048
233163
233237
233242
233248
233254
233263
233364
233390
233531
233577
233622
233643
233684
233743
233786
233913
233962
233964
233988
234117
234121
234122
234263
234313
234371
234390
234394
234460
234508
234550
234582
234606
234651
234660
234667
234779
234816
234819
234927
234930
234970
235082
235190
235200
235232
235306
235312
235324
235429
235541
235548
235565
235592
235668
235804
235834
235839
235877
235903
235949
236017
236067
236084
236108
236116
236182
236280
236371
236375
236610
236644
236651
236695
236697
236814
236818
236903
236921
236966
237126
237137
237191
237200
237232
237238
237282
237311
237381
237396
237511
237512
237546
237613
237670
237671
237699
237755
237805
237843
238007
238064
238101
238119
238248
238291
238299
238310
238317
238341
238390
238396
238423
238439
238455
238702
238718
238761
238765
238771
238785
238809
238813
238834
238840
238940
239026
239032
239085
239094
239098
239268
239437
239482
239573
239724
239844
239881
239920
240005
240017
240043
240052
240069
240100
240172
240206
240260
240282
240333
240347
240392
240399
240424
240459
240502
240521
240522
240554
240609
240641
240753
240826
240885
240894
240960
240976
241007
241042
241136
241171
241272
241323
241499
241608
241662
241686
241709
241730
241731
241815
241834
241892
242022
242077
242214
242254
242261
242269
242324
242369
242402
242442
242473
242476
242479
242537
242565
242569
242610
242643
242649
242694
242850
242861
242876
242912
242969
242995
243022
243025
243037
243187
243201
243231
243293
243363
243380
243403
243410
243426
243444
243455
243564
243575
243593
243629
243643
243728
243738
243797
243798
243976
244024
244068
244087
244237
244255
244419
244480
244484
244518
244543
244570
244843
244896
244927
244983
245010
245037
245129
245150
245151
245224
245244
245299
245442
245493
245514
245516
245584
245596
245611
245682
245721
245807
245879
245896
245924
245961
245982
245987
246029
246055
246083
246225
246446
246511
246588
246634
246659
246759
248044
248045
248046
248053
248054
248056
248057
248058
248059
248066
248067
248068
248069
248070
248071
248076
